Time(s),X,Y,Z,Tremor_Index
0.0,-0.08650696264117377,1.194202148527706,1.1842328914805682,1.275241304584613
0.01001001001001001,0.04791612434495532,1.2237544751839287,1.1714878686996961,1.3880154318818665
0.02002002002002002,0.10221884996945442,1.1532314430872572,1.2004932363341316,1.044142262831196
0.03003003003003003,0.0924246571084287,1.239585915304991,1.1735146908219722,1.2550859206393408
0.04004004004004004,0.11377716078709155,1.2806787081172273,1.2216750273609973,1.1538975783328318
0.050050050050050046,0.13484148542184227,1.279663198551771,1.142956312255755,1.349073647444795
0.06006006006006006,0.3231835788861602,1.321716305748678,1.1935396820589366,0.8691901210660335
0.07007007007007007,0.21788271998624942,1.1117932501741477,1.104515567259309,1.3397859036379118
0.08008008008008008,0.19157704434799525,1.3323981506793638,1.1315959248953027,1.2986341457825479
0.09009009009009009,0.13174668331999434,1.3549337750281711,1.0492755572459718,1.0848295616749204
0.10010010010010009,0.24923181116284734,1.1584337037999102,1.0029189235487357,1.5342632817080246
0.11011011011011011,0.5218748848376106,1.1244259447104914,1.006666626824595,1.4796773970348254
0.12012012012012012,0.2714422109266363,1.1094547493653069,0.9679377435850446,1.3782443129148185
0.13013013013013014,0.2958494763464974,1.0241156606953288,0.9481559463057642,0.620089808715994
0.14014014014014015,0.2798952038073601,1.039599702766722,0.9267452948743378,0.7696456496257897
0.15015015015015015,0.41225398422713294,1.1304285226016089,0.8003422754391977,1.8839424366179354
0.16016016016016016,0.23779524000886976,1.0043256209362499,0.8542327334977166,1.4734856256234283
0.17017017017017017,0.2204319710547918,0.897432557099135,0.8088118624415291,1.4492659033702895
0.18018018018018017,0.3202095628710715,0.9859208335231502,0.8558120159992229,0.738574061586325
0.19019019019019018,0.24620854551168406,0.7588278281043205,0.807680365782668,1.1773056250409117
0.20020020020020018,0.1333373423375609,0.87231789581199,0.8180288073008674,1.1495332622694938
0.21021021021021022,0.238050925049702,0.7736430582827484,0.8008983660629191,1.0917584149548667
0.22022022022022023,0.006256895058727022,0.7010552636811243,0.8598431443091691,0.6998275976317312
0.23023023023023023,0.00926225181697699,0.8324661562342056,0.784822420037897,1.1937301755502008
0.24024024024024024,0.02751014932982511,0.7302247211196178,0.8235743817124752,1.601984867301767
0.2502502502502503,-0.0945756257180961,0.8002687236204811,0.8255390471446118,1.0898109109976017
0.2602602602602603,-0.15553335227210913,0.8696085552796017,0.8353915297758279,1.137007977067394
0.2702702702702703,-0.14519225468913768,0.5531620819560861,0.8920283706543585,1.181928817590807
0.2802802802802803,-0.1322359827373678,0.8084283343560721,0.8949113018071132,1.2940724126482968
0.2902902902902903,-0.10610212438674084,0.7169051923121667,0.9678352075062102,0.7098807668513234
0.3003003003003003,-0.17665318343924305,0.7109201219030465,0.949335273428282,0.9651577575084
0.3103103103103103,-0.18815522242947227,0.7028110676895818,0.9324169252623457,1.2205522802752455
0.3203203203203203,-0.1776569373801989,0.9400539330908202,1.0465848958335415,1.3897463748726357
0.3303303303303303,-0.15295807437406755,0.6676429127768916,1.0320467569127194,1.0547921557612672
0.34034034034034033,-0.061575657300650975,0.9482514637758073,1.134356760839942,1.455899218220166
0.35035035035035034,-0.13839491324900688,0.8115147343701484,1.0741503039534246,1.2815513926679567
0.36036036036036034,-0.016625883775271126,0.924171254652488,1.1527124615121003,0.8416161846290714
0.37037037037037035,0.042343244259597235,1.0028107612234527,1.1657133715009638,1.4192816802035215
0.38038038038038036,0.21125448470703095,1.0116927972480756,1.1236434855017077,1.6162928817764077
0.39039039039039036,0.10815482208045618,1.0541277183300366,1.1836324022254927,1.3479163637252545
0.40040040040040037,-0.05182267578933328,1.1849739001569926,1.188496916647469,0.9002191692395103
0.41041041041041043,0.07619118326768105,1.123665373675848,1.1852425523446097,1.3269332631457074
0.42042042042042044,0.21802758867503946,1.3082331360436674,1.2117932606368504,1.698941617034352
0.43043043043043044,0.21665970589793004,1.2241711176847305,1.1228814829314375,1.172752671153235
0.44044044044044045,0.3447305644163473,1.338279671393859,1.2222362636337378,1.2746307950514013
0.45045045045045046,0.3069330216792739,1.1865686364606107,1.190987282291406,0.6584297830071815
0.46046046046046046,0.40001347725910047,1.2661449405033438,1.1905170600081767,1.4077271037365116
0.47047047047047047,0.421412302790516,1.228655533946333,1.1501750937955941,1.3455493028752241
0.4804804804804805,0.5156820331217657,1.3633614846000754,1.0825176043150264,1.3926183660669587
0.4904904904904905,0.4346597002972159,1.2348232151632113,1.1189223300424949,1.314237379087747
0.5005005005005005,0.5570631928628474,1.3225839487830415,1.0787860854736364,0.7408806996975417
0.5105105105105106,0.5736981186558291,1.187363014591165,1.0406906851479958,1.063094048584953
0.5205205205205206,0.5571353927449486,1.3432953688330116,1.037191618956249,0.9537765251507314
0.5305305305305306,0.4206651700270153,1.0965306421751713,0.9946506337739291,1.0853687557336134
0.5405405405405406,0.5097506883540837,1.1577545183582576,0.9243684962728065,1.3382535669913334
0.5505505505505506,0.5282507844945683,1.0956321735711476,0.9391150828225168,1.7270777882526018
0.5605605605605606,0.6682659149859083,1.0245477318494887,0.8865135648289796,1.1901285528991716
0.5705705705705706,0.5271621598166351,0.9421171854592754,0.8976143717201982,0.9458816647010853
0.5805805805805806,0.4586186305348043,0.8829097864105766,0.7853899804882661,0.8948077034628634
0.5905905905905906,0.4536942172985956,0.8209403380963713,0.7984380838845728,1.2950743186480538
0.6006006006006006,0.22394214531684367,0.7745901055107358,0.7562458803573603,1.3671498991387645
0.6106106106106106,0.3120328620277888,0.8561388592514981,0.8042461839137229,1.9518907604021445
0.6206206206206206,0.39253085896337664,0.7534391016800603,0.7731222536346495,1.2833452765525415
0.6306306306306306,0.2066879945741017,0.8154445582051034,0.7610529108114119,1.213223600440171
0.6406406406406406,0.34287234014390544,0.6344411433396658,0.7824031341934375,1.4003669064271622
0.6506506506506506,0.16502842126363143,0.7761661379496357,0.805676677546178,1.3300515597543598
0.6606606606606606,0.09470563807530363,0.50874365101127,0.7913722674872551,1.2670351725791276
0.6706706706706707,0.14143613284398948,0.6903105768049096,0.8461281976471077,1.4268331473579725
0.6806806806806807,0.09850559217851065,0.6679289576549573,0.8507073219843695,0.6800212541046217
0.6906906906906907,0.1719067098053086,0.5414280066778567,0.8896402279154977,0.9735473123829026
0.7007007007007007,0.021648280925195502,0.7388471129662545,0.8689244950840981,1.392213568854889
0.7107107107107107,0.11762964311945967,0.7274754351530551,0.993303567098334,1.0100471744147945
0.7207207207207207,0.04419998908358235,0.6163758577961201,0.9517617105896514,1.3625228415436987
0.7307307307307307,0.014670052371074667,0.6856271734176589,0.9864061437403806,0.9707903882727011
0.7407407407407407,-0.004224365509310837,0.9235908816233469,0.9921887792850487,0.6325500309550803
0.7507507507507507,0.13639300611709973,0.7463850286568633,1.0763936471467481,0.6927499736778365
0.7607607607607607,0.19116128900085233,0.9012285032218184,1.0961046377631187,1.6160803244260131
0.7707707707707707,0.10000634759399925,0.9068146046694289,1.101130584519931,1.524008704043925
0.7807807807807807,0.11710279480195848,0.9227370556677361,1.137602172247129,0.9446855828272156
0.7907907907907907,0.2683754212449383,1.129018955710907,1.1421898257101186,1.7969108747718
0.8008008008008007,0.16809175569770923,0.8306883550619582,1.1783863866378088,1.3200665827714424
0.8108108108108109,0.38490897631341514,1.118574044624572,1.1752266816860109,1.0609830506387927
0.8208208208208209,0.2893710045339274,1.0929760639174835,1.139143904215897,1.2148223434334702
0.8308308308308309,0.4428323581756141,1.220333287775394,1.1582903064125007,1.036395180358318
0.8408408408408409,0.4442205219795309,1.092640914700728,1.197774963313418,1.2483493776346892
0.8508508508508509,0.467616645103067,1.1938959842099413,1.2169086612241913,1.2583518849585702
0.8608608608608609,0.627128775843952,1.1922431706798393,1.1564886617816437,1.079461870601103
0.8708708708708709,0.5744771133745415,1.2670977852677294,1.1712826909683562,0.9478478575050798
0.8808808808808809,0.5514661836311997,1.1140458493917713,1.147065655955512,1.1673014554600871
0.8908908908908909,0.6821749341529455,1.2540983837699635,1.1647957872712202,1.3947589942744048
0.9009009009009009,0.7306383587246374,1.2309875299232376,1.1480644578035015,0.9820360373451131
0.9109109109109109,0.6333075537191037,1.0313939323945027,1.0950861216751537,0.9990875840167033
0.9209209209209209,0.6588954307336075,1.2463384890615532,1.0330591717231021,1.1815289589312374
0.9309309309309309,0.7574797488587609,1.104250233035759,1.0297119912848245,1.6939544024195203
0.9409409409409409,0.759758349694872,1.2514773167464965,0.9862183266877759,0.8987451722624158
0.950950950950951,0.8061106690097248,1.1016730728486714,0.9693617621245485,1.1451491705596735
0.960960960960961,0.7388780258524436,1.0414839547373713,0.982151292529399,1.3804736468021557
0.970970970970971,0.7233809072874917,0.9699705021048747,0.9398886133344369,1.1751232374941227
0.980980980980981,0.6753702979758976,0.7851784602555618,0.8923378262685056,1.0368182899745773
0.990990990990991,0.7406241666208435,1.0340036482461876,0.852393982129859,1.2579083606915327
1.001001001001001,0.6346166761673322,0.8293311713025047,0.8105998200505761,0.9098366065817747
1.011011011011011,0.652143317753261,0.7690955886195563,0.8379894366767635,0.8541272178506993
1.021021021021021,0.5202750825050788,0.6847698713219972,0.8327632038927436,1.1894721713697733
1.031031031031031,0.7016706415966588,0.7616316133013205,0.8208374884752102,1.2390012864841344
1.0410410410410411,0.4997401421702729,0.7268436692204308,0.8072942359721673,1.2855544126186083
1.0510510510510511,0.5030848347225878,0.7946159242291227,0.7983641039381434,0.9714257453507879
1.0610610610610611,0.42992295592886887,0.6396894099345003,0.8206011381965224,1.5094418743432725
1.0710710710710711,0.5350850164797656,0.5493965626112147,0.8589859727693105,0.8812554961626637
1.0810810810810811,0.2643383318515553,0.531791046943321,0.8049475498131514,1.2395593864419916
1.0910910910910911,0.523123416899833,0.5762462990859912,0.8330506927956526,0.9345836931153719
1.1011011011011012,0.28634278785807293,0.6064992496087701,0.8764079318468431,0.5356115857580699
1.1111111111111112,0.06414799616239306,0.5517738949355361,0.8873008179131724,1.2211176898438791
1.1211211211211212,0.3321072315489079,0.5653318365935005,0.9254313412265243,1.3242786752032396
1.1311311311311312,0.2622522012655363,0.6504030674085661,0.8683308497431349,1.5297779750378604
1.1411411411411412,0.14083932174720565,0.4881223684565418,0.9576788928553316,1.2077115989169995
1.1511511511511512,0.16721749254046037,0.5555264773976787,1.0105395125239498,1.3393467750677592
1.1611611611611612,0.18671783221944516,0.7759053989377808,0.9987761269886556,1.5148325132085085
1.1711711711711712,0.23720966428649942,0.5391485198810327,1.0780386073231327,1.5246769189519953
1.1811811811811812,0.20844692458649683,0.6430730785512901,1.0625179190505463,1.1847091062633606
1.1911911911911912,0.2917481399551279,0.7436087145352778,1.1472540758577376,1.275319554860904
1.2012012012012012,0.31726474930064885,0.8166498965013231,1.1479896021063773,1.3621939539428742
1.2112112112112112,0.3933228182354984,0.7351609970406474,1.1951490395979336,1.4986919150269342
1.2212212212212212,0.3790495054476956,0.9089397875328288,1.158134972584829,1.106503447619318
1.2312312312312312,0.6219792660711692,0.8712154028408539,1.1722317610006912,1.657859220826379
1.2412412412412412,0.44967429077933085,0.9730880039657179,1.1831822637944984,1.3248917780535967
1.2512512512512513,0.6651289246569436,1.0582684476854807,1.1981407964237945,1.2460440835820745
1.2612612612612613,0.6183744965506052,1.104957470054884,1.1867006370074258,0.9238622176116826
1.2712712712712713,0.6689441417259577,1.1137103214491504,1.1839986748108744,1.1325635276138646
1.2812812812812813,0.646278090091662,1.0391251857061428,1.1485996101991054,1.2217253558774392
1.2912912912912913,0.8635244306804125,1.0531777060225294,1.1456978434519718,1.350782130562751
1.3013013013013013,0.8504820860605833,0.8572456128044114,1.1517149855036601,1.3773978449049227
1.3113113113113113,1.0354282127856607,1.0672194229991026,1.1941184952352286,0.9804161936249338
1.3213213213213213,0.977794939315673,0.9652496877686961,1.130897444015502,0.9528458212082214
1.3313313313313313,1.0432834799070507,0.9476836949979998,1.0558368119499524,1.008431457538051
1.3413413413413413,0.9907815956562853,1.149200520021948,1.0937586787704847,1.2098344484025696
1.3513513513513513,0.8288786679248565,0.9165595696179519,1.0497508277316252,1.1920907096099924
1.3613613613613613,0.9611872184979726,1.0166488904055033,0.9989348751256645,1.3228414205795795
1.3713713713713713,0.9525774561788181,1.0104345933595231,0.9863614885929437,1.2718288299693792
1.3813813813813813,1.044742351172372,0.9970451535268068,0.9350878370341045,1.2848547912049202
1.3913913913913913,0.9050018977789253,0.7242124521613572,0.9115925474968694,0.9022414110208139
1.4014014014014013,0.890881450690627,0.7310330564360461,0.8745457089673571,1.5662033744029187
1.4114114114114114,0.9748415660501635,0.7801483935327524,0.8800746237052176,1.5877684690950444
1.4214214214214214,0.8381071602165622,0.6070439249156486,0.8300718176798845,1.2055990991061634
1.4314314314314314,0.8546778477717601,0.6401040104694999,0.8143666969845517,1.345933601457204
1.4414414414414414,0.9036513650167579,0.627911700879279,0.7963817691050958,1.340992086728112
1.4514514514514514,0.717932165757248,0.55330266905993,0.7812742539668472,1.2074032447458076
1.4614614614614614,0.7540966851576306,0.6213125412727782,0.7991201942069868,0.7820522556778344
1.4714714714714714,0.5393390556061638,0.5817489924539331,0.7945377747660092,0.8961478158860767
1.4814814814814814,0.4714383893691272,0.42833683522727645,0.8112719415036912,1.0809060464912676
1.4914914914914914,0.5335311796391623,0.4065589752599249,0.8260533113257295,1.2967920165815814
1.5015015015015014,0.40480791882390965,0.3714460155227385,0.7798750788068666,1.5384092157628328
1.5115115115115114,0.536272757978187,0.4037364670586184,0.8508452951003449,1.2661249199826694
1.5215215215215214,0.4480407067068951,0.4025670822987338,0.8772835807057192,1.0000650918817113
1.5315315315315314,0.3613857625849075,0.40288933855099973,0.9291239528120661,1.0431043155382307
1.5415415415415414,0.3291833254065036,0.540800613852662,0.9308386998521082,1.049892484113674
1.5515515515515514,0.2258662613010514,0.537510946410241,0.9396030058076054,1.2302400746824684
1.5615615615615615,0.4380010759006467,0.535792586516732,0.9820100641729422,1.3013129563444503
1.5715715715715715,0.4421497176435723,0.5912359081136026,0.9509036857570822,1.7679363070540075
1.5815815815815815,0.3680706185195573,0.4872572777888299,1.059800221429652,1.0062745370965496
1.5915915915915915,0.3324460208199533,0.6284355842923376,1.0442431739099949,1.1386036817883758
1.6016016016016015,0.4799116275950803,0.5246743088745788,1.02800579056829,0.9588886510875625
1.6116116116116117,0.4916609789010124,0.6097290288884722,1.1536869302723731,1.6221060376811083
1.6216216216216217,0.40842618068516673,0.863260797135109,1.1432895849600029,0.9107278482357117
1.6316316316316317,0.5901669017626351,0.8198841572621312,1.1639231074172924,1.6511518429118412
1.6416416416416417,0.5623086980823839,0.645131452558512,1.1755463211380106,1.0739278530396068
1.6516516516516517,0.6747216764181727,0.8790640425796781,1.202428140488281,1.2363391083897637
1.6616616616616617,0.868046241121278,0.8338191908749364,1.194241915852792,2.1824499123484946
1.6716716716716717,0.6128159000934803,0.9487015134353443,1.15209107453186,1.2814666427423422
1.6816816816816818,0.6970222939254601,1.0517908994373952,1.1710679993319655,1.4205275422662147
1.6916916916916918,0.8450801018817775,0.9441000138892726,1.2080210144433374,1.395912646317748
1.7017017017017018,0.8420840049993707,0.7880374405890511,1.2064501442507432,1.312751429579604
1.7117117117117118,0.8941809342236422,0.9607947409050922,1.148214197809586,1.8960543306792395
1.7217217217217218,0.9852097466928335,0.9350781731500872,1.1735028011569977,0.8532425886608774
1.7317317317317318,1.0599979136226703,0.9993272877548205,1.1602615959262248,1.5309608065294191
1.7417417417417418,1.105895216859203,1.1389390668052302,1.1069555718415969,1.3989183438506354
1.7517517517517518,0.9266801525470432,0.8126882140862105,1.0861859166980368,1.51096689265128
1.7617617617617618,1.0750220637713432,0.9537289369564664,1.022245671497913,0.8452615302440762
1.7717717717717718,1.0756852645766042,0.8945652313025422,1.042312243814396,0.8015794092917998
1.7817817817817818,1.0345022094918983,0.830085246239863,0.992615006420652,1.126898963115114
1.7917917917917918,1.2092835006377647,0.7563249727937239,0.9850040374354198,1.2478869658606904
1.8018018018018018,1.189617162894584,0.5650047405578844,0.9314758269852232,0.8053477259052251
1.8118118118118118,0.9637157907184476,0.640563474648927,0.8888504402748246,0.8054182486716771
1.8218218218218218,1.2149505970036676,0.6895628489219076,0.8940886694177698,1.3551288224580118
1.8318318318318318,0.886728585252281,0.6465804724939495,0.8906486300458539,1.3738215073082274
1.8418418418418419,0.7943877719173107,0.6355773957119195,0.8380163918144585,1.429881474718934
1.8518518518518519,1.0036677360971806,0.43328265339939753,0.8160112875616735,1.619608183348213
1.8618618618618619,0.9044283980664571,0.4335769825747654,0.8087546750695571,0.9486805555113061
1.8718718718718719,1.0441311491583851,0.3848919888030067,0.8116974563282677,1.1968200498242219
1.8818818818818819,0.7566552941372781,0.37506991830854225,0.7839605227852322,0.8776093068664543
1.8918918918918919,0.7334398075212055,0.26230228115651805,0.8033853591775643,1.4052997731762662
1.901901901901902,0.7372713314485055,0.40984528782656343,0.8030251440760103,1.358511975017989
1.911911911911912,0.7750303549664138,0.37053379842987877,0.7914152575171698,1.0268584575810003
1.921921921921922,0.6278474036082837,0.16308659282782098,0.8221026690568163,1.2164272687384001
1.931931931931932,0.5681989165692192,0.16650591624485417,0.8691454188774688,0.9856131856111521
1.941941941941942,0.670516433008766,0.2846370707934991,0.8460967381069178,1.119685153784662
1.951951951951952,0.35931024698693514,0.30372137103712904,0.8820383039254264,1.0110217555665684
1.961961961961962,0.4218724035326785,0.16743027966941032,0.84912430355743,1.0897623265973613
1.971971971971972,0.6013184803626009,0.25192645030562405,0.9378549361224755,1.207976157249307
1.981981981981982,0.5593442409739225,0.42948559237000616,0.9685927382736693,1.120763353198158
1.991991991991992,0.29971893471516264,0.41032766372402735,0.9833904653314285,1.45603796892964
2.002002002002002,0.6208276369388084,0.4611691546013654,1.040593652776302,0.9404282136597355
2.012012012012012,0.48734545535941354,0.4004300205720029,1.0558094113790926,1.2681841068904458
2.022022022022022,0.5890592169235702,0.39153504959633384,1.0304721697694394,1.3211912309832583
2.032032032032032,0.46161180136948377,0.6173415012802946,1.1145854103888972,1.4451347837577446
2.042042042042042,0.7275007450538635,0.4212426868396437,1.161619099713086,1.4796045366789106
2.052052052052052,0.7638238534680628,0.6299475917497587,1.1702832639287264,1.693869561101961
2.062062062062062,0.9798006244032051,0.6232996422924142,1.188389854343108,1.3317851666347207
2.0720720720720722,0.8310584186320784,0.5228968935345446,1.1428116081794875,1.339304725453382
2.0820820820820822,0.7032967913343179,0.6090081052593871,1.2049668489740264,1.4243301185859591
2.0920920920920922,0.8804434701289324,0.770714289248552,1.266266473985163,1.1264308967059435
2.1021021021021022,0.761527322326797,0.8056057898198081,1.2312776550320517,0.5260539814875761
2.1121121121121122,0.9460940136759933,0.6463750783016979,1.1851098011244623,1.0451530480895699
2.1221221221221223,1.1225467361822505,0.7367895452293268,1.188620224757386,1.3092480940308078
2.1321321321321323,1.099933115379675,0.7207911117573691,1.1457911184945149,0.9684438943244111
2.1421421421421423,1.076020384121016,0.7634452477660768,1.1595149891848064,1.1668152632779514
2.1521521521521523,1.1912026869438892,0.7242588041335568,1.1581867775490569,1.1129536929405695
2.1621621621621623,1.1693143848099612,0.8308496045660342,1.0808040763197972,1.0717010936379248
2.1721721721721723,1.253725909646686,0.748473271757263,1.0758166218496423,1.5173770746380164
2.1821821821821823,1.1607655284028562,0.8105702795976647,1.0608416072393367,1.5433247570208817
2.1921921921921923,1.1614210125705309,0.8095237515032045,1.0753621430605829,1.5895810840918132
2.2022022022022023,1.224040422595707,0.6615752514816445,0.9636380534356749,0.9262544985097922
2.2122122122122123,1.282614240891884,0.5651862086551777,0.9459147603205397,1.2860138906823801
2.2222222222222223,1.2502491504892874,0.6211171015972354,0.9094319276520464,0.9510864381060053
2.2322322322322323,1.2521640163474066,0.7636359805180299,0.9054074727523385,1.0161880361312472
2.2422422422422423,1.0691263595005276,0.42171928581318263,0.8801639401430511,1.0470713221559975
2.2522522522522523,0.8787079444978882,0.3583672425038952,0.8481921486211168,1.50427484652991
2.2622622622622623,1.1319671734047199,0.51659847874309,0.8750639487308423,1.375860149339953
2.2722722722722724,1.0722274739043063,0.20637063134874367,0.820643125863145,1.15577538793074
2.2822822822822824,1.018938684630078,0.1871349629229385,0.7989752108735838,1.2482447009724542
2.2922922922922924,0.9446090970234157,0.2998217333451203,0.8006899586687783,0.8272639065051053
2.3023023023023024,0.8499772490025729,0.13410289988040935,0.8295859570115525,1.5374747691462038
2.3123123123123124,0.7944341897238285,0.05821074837295019,0.8308281417021031,1.2031192732077192
2.3223223223223224,0.8297160814441606,0.3054274406058134,0.7886360081806546,1.1287084006831472
2.3323323323323324,0.8169362440161081,0.1133717876658837,0.8792604258915732,1.4194930531776508
2.3423423423423424,0.8056796758364726,0.148355081802948,0.820484889131242,1.0698886776941376
2.3523523523523524,0.7439344752370276,0.11756928759150556,0.8201495704227046,1.3495167912044015
2.3623623623623624,0.6749129472972574,0.03729100932038988,0.8882406969732525,0.9250534822362024
2.3723723723723724,0.5580129013139992,0.05809284847955258,0.9124723977373385,1.1078540298624677
2.3823823823823824,0.5869190724446973,0.09241421274221069,0.975980416474969,1.3817622681320356
2.3923923923923924,0.5521595307511926,0.10975169645662748,0.9411119298495341,1.575583178423287
2.4024024024024024,0.5811654377903073,0.04917410664447719,0.9090237134529322,0.6079376224591939
2.4124124124124124,0.6809156150376612,0.26817106565169224,0.9496430415714704,1.267519608487262
2.4224224224224224,0.6081856855476802,0.22290847396154304,1.079758030180021,0.9275878434306684
2.4324324324324325,0.7182857248861818,0.2787131240583633,1.0272696776885653,1.3930015310832242
2.4424424424424425,0.6522719699201448,0.06180203478254384,1.1218201265897625,1.2077673079369156
2.4524524524524525,0.6430404821082039,0.23945762847754465,1.0911815546694308,1.2491800720519308
2.4624624624624625,0.7117680845152601,0.4746650328196693,1.1537264493640993,0.942539995251328
2.4724724724724725,0.7266943517134689,0.462300555891755,1.1583951273169069,1.2828738640111794
2.4824824824824825,0.7235450848039495,0.5265352853656537,1.177957652137859,1.2543528524460716
2.4924924924924925,0.8883377549466978,0.5249556662706675,1.2060892628048703,1.240466271279715
2.5025025025025025,0.7919999779602372,0.5346402561614252,1.1930158043591321,1.7754496915872613
2.5125125125125125,1.1003214827026908,0.5279570459310188,1.2152332397954508,0.9332060501061938
2.5225225225225225,1.1229378562892811,0.5291284480769921,1.215540945049815,0.8708414781194869
2.5325325325325325,0.8461238985104986,0.582307631605301,1.139446061378068,1.1992134171941502
2.5425425425425425,0.9186754635578054,0.6844646498965244,1.1717520381367215,0.8674451798645466
2.5525525525525525,1.2888882738656122,0.623838641368736,1.162937008476385,1.3019499833917207
2.5625625625625625,1.0912595341135036,0.38000693312054,1.1924773169944534,1.2352547857892942
2.5725725725725725,1.2533666040595037,0.5159257763599221,1.1274420837750898,0.7563910109441647
2.5825825825825826,1.292669026289185,0.7212294295409942,1.065706711652486,1.4336613197139223
2.5925925925925926,1.2859550989953832,0.4073446668789942,1.0702191902144618,1.4923225920650849
2.6026026026026026,1.2982122015507578,0.6015808865309397,1.0183938650021427,1.3907014108310074
2.6126126126126126,1.4081662960625458,0.5672928508365368,1.0181346821632564,1.5251587952540844
2.6226226226226226,1.3130281448667505,0.3723538104263834,0.9498813410820572,1.455186576550652
2.6326326326326326,1.2477417361634007,0.4016461677893914,1.01417780463029,1.4164220683533957
2.6426426426426426,1.383965846687429,0.3470946825049823,0.9406015025851479,1.5191053185224277
2.6526526526526526,1.2882465598726034,0.2987378532528401,0.8598724366628584,1.2301423529335085
2.6626626626626626,1.3447828074800188,0.198099978439303,0.8014343223935347,1.42742741854065
2.6726726726726726,1.1923914119281296,0.20575842210749423,0.8540802015136508,1.39731005965558
2.6826826826826826,1.1184013026464024,0.15885729309341945,0.8565720281433337,1.158141573448652
2.6926926926926926,1.1841937546366808,0.1631485361835183,0.841828001213353,1.0260767918214524
2.7027027027027026,1.1159423893837956,0.21932211605959726,0.7714849974121364,0.7954849863888469
2.7127127127127126,0.857980416454559,0.15664797284603926,0.7978757192902053,1.370311735016884
2.7227227227227226,1.0371520454429364,0.07771987821392938,0.8007769780036028,0.9823063254297966
2.7327327327327327,1.0192131194092604,-0.08060165430773902,0.801431648609531,0.9320214325670884
2.7427427427427427,1.0193863716540765,-0.22779018684038976,0.8060080341621562,1.8340424655112855
2.7527527527527527,0.9480739190310308,-0.013593600040215953,0.8499230113156158,0.7922555966511224
2.7627627627627627,0.9261840885202036,-0.18946642467960045,0.8582105453367156,1.439477746583556
2.7727727727727727,0.6847784110450085,-0.07549362793583655,0.849455724536983,1.3829583654726347
2.7827827827827827,0.8194738050034261,0.030553296855373585,0.9093546900219844,1.2510528576660236
2.7927927927927927,0.7757329528235382,-0.08108099801283777,0.8900076853241007,1.7244344511532357
2.8028028028028027,0.7044152942009324,-0.13796558342802512,0.8853243070663892,1.2814792598047653
2.8128128128128127,0.7177804650077149,-0.16258953756199845,0.9830777213467949,0.7672027627057205
2.8228228228228227,0.5394975528062858,-0.03138128497847713,1.0442850907810457,1.0536390223832162
2.8328328328328327,0.7238537979943033,0.02121849027055782,1.00561206146947,0.9234525422703908
2.8428428428428427,0.7621986146037205,-0.06012137225131538,1.1134038467328418,1.171460769292283
2.8528528528528527,0.7518637948901399,0.1400705573234744,1.0933561642717244,1.1095832847924578
2.8628628628628627,0.7371654051675318,0.07913389756892693,1.0660813282700379,1.5761889660779744
2.8728728728728727,0.8856403921243203,0.07144306674754394,1.1453880576097055,0.959120709857602
2.8828828828828827,0.8390769205536766,0.1637642503495266,1.1280160867412992,0.7467422942126215
2.8928928928928928,0.7758699293352793,0.26499676623788265,1.113804360099722,1.177352722769149
2.9029029029029028,0.9006880272332913,0.31844181011030903,1.1815443494858542,1.2753361230705984
2.9129129129129128,0.8897198963153463,0.21850878765748286,1.1643909270202155,0.68970693025395
2.9229229229229228,0.94860037619946,0.3378946362783593,1.1760303603534277,0.9780267585022706
2.932932932932933,1.0112927222305732,0.3328469851778866,1.2788265693057355,1.2191981788117374
2.942942942942943,1.0006100770090187,0.25280709038429783,1.1827155542084113,0.8419546610314055
2.952952952952953,1.0401784536206258,0.3502257988359417,1.12851436217092,0.7535824550886057
2.962962962962963,1.095029547112865,0.4554668670097737,1.184772366187007,0.8046072085633333
2.972972972972973,1.2159948762416706,0.4200979532192726,1.1553492356730946,1.1099936683976404
2.982982982982983,1.0917374001899167,0.3228738507567393,1.1098173049098823,0.8160110067866241
2.992992992992993,1.1964190485881705,0.38793596552842047,1.1061650239869367,1.4174770764794462
3.003003003003003,1.262711088619408,0.40056618541764644,1.1055021281332216,1.1367820186449835
3.013013013013013,1.4432757163118586,0.3861761180757187,1.0997751700752434,0.8327628980009512
3.023023023023023,1.327838590593277,0.3116330996288631,1.0293483267808452,1.3262329963598043
3.033033033033033,1.2603411711400245,0.3732296911935017,1.0127216148331302,0.9530106232294278
3.043043043043043,1.3726502512282803,0.2797293288732182,0.9828099053570237,0.8387400935808427
3.053053053053053,1.4029095776316232,0.24526979549476896,0.9418075641496575,1.9148771554814292
3.063063063063063,1.2724827332039021,0.12003495507448235,0.8870838517281128,0.8586550168959934
3.073073073073073,1.2460110200557233,0.19290704990077442,0.9164302092922815,0.7456006731329685
3.083083083083083,1.13650422614766,0.0027766224475713683,0.8497931960981163,1.4124131258966304
3.093093093093093,1.349493879071535,-0.03061831086835455,0.8088609971377462,1.2699063892635603
3.103103103103103,1.318993590294178,-0.049277129912553196,0.8357390365376922,1.113829360569317
3.113113113113113,1.0981351405052149,-0.0354934780121927,0.8701929502517395,1.2053404393466296
3.123123123123123,1.113202294006983,-0.31667286469599376,0.8329582529191523,0.9869965426310867
3.133133133133133,1.0355468100139884,-0.18416047819515724,0.7518720701933809,1.1275585983899095
3.143143143143143,1.0425772289052015,-0.32127187674494556,0.8154277330691522,1.0356026409184513
3.153153153153153,0.9539255089583517,-0.2982999472798265,0.8315725825942588,1.131452087188988
3.163163163163163,0.8806107500272649,-0.3031992681037649,0.7375010521313536,1.3966600857236398
3.173173173173173,0.8321497072229682,-0.30383839445548855,0.7689778228681868,1.1357595535836738
3.183183183183183,0.9028483969989888,-0.3683547498505075,0.7960265495512256,1.0631416791555726
3.193193193193193,0.7128184270178917,-0.34076441104745836,0.8766687827874209,1.0135853239982506
3.203203203203203,0.7709016974186413,-0.3926155770917618,0.8909281064875397,0.6783559531809701
3.2132132132132134,0.7387107993723689,-0.21657173128309934,0.9400456728460168,1.1734408358927257
3.2232232232232234,0.6375309611360707,-0.2495471062249885,0.9343173759934856,1.0653535388944657
3.2332332332332334,0.7025449481483872,-0.2817154092230118,0.9398439630940044,0.622155817915961
3.2432432432432434,0.7461881186945503,-0.26031099596804835,0.9940318631522757,1.1187255249149686
3.2532532532532534,0.6409773110779171,-0.26541386776053283,1.0202432257804581,1.1882204214634928
3.2632632632632634,0.6109361742634553,-0.1642048880296007,0.9981039172112558,1.3513911294256873
3.2732732732732734,0.769992495580014,-0.17849000825639938,1.1191557226312565,1.4972668482258276
3.2832832832832834,0.8031323602819649,-0.2589348832232629,1.1277596563263586,1.559084265874277
3.2932932932932935,0.7565137100639812,0.0029175689534232108,1.1248993156535498,1.495572690351756
3.3033033033033035,0.7636813254086162,0.015238642837433106,1.1433580523718438,1.1815075408395073
3.3133133133133135,0.8060255781237161,-0.04330076260334349,1.1702880708058643,1.4795969204924746
3.3233233233233235,0.828373720903756,-0.00859612585509724,1.156528815396941,1.4830761162148027
3.3333333333333335,0.9945128828120819,0.0874208127172147,1.2113436993725342,1.031790771280399
3.3433433433433435,1.0005527747196425,-0.016154274865986917,1.2021840739179865,1.4289683215322022
3.3533533533533535,0.9564154546724646,0.05373076254961543,1.1946053352610622,0.9931595424026428
3.3633633633633635,1.0018661278975132,0.12177749823256614,1.2044367879769307,1.0391248148600152
3.3733733733733735,1.1980481680359214,0.2188623864198419,1.1633698068945904,1.295281306439323
3.3833833833833835,1.0369866634012874,0.11055107049099328,1.1904985380994413,1.2889208489203858
3.3933933933933935,1.2726434549857775,0.12580435177408922,1.131401926878127,1.3839932193263256
3.4034034034034035,1.3735486485235386,0.2306981459470305,1.0923625197383338,1.0839155081904017
3.4134134134134135,1.1476644680635253,0.10173314825087154,1.1494495674491316,1.3207888357653783
3.4234234234234235,1.3474779652686666,0.09689006083082283,1.0980971048767973,1.3940385018901278
3.4334334334334335,1.2612243218274741,0.21203658161890365,1.0857045553165392,1.2877142840628832
3.4434434434434436,1.3926022566298972,0.10226014726641515,1.0155793246906393,1.336376280458994
3.4534534534534536,1.250464351218676,-0.08135772460137605,1.0170583723974926,1.083746264514623
3.4634634634634636,1.3255080454477524,-0.16815012199592483,0.9643007271514463,1.0204910542044474
3.4734734734734736,1.2003376942168442,-0.04794831771178212,0.9681743528641046,1.0292169911510487
3.4834834834834836,1.271971755068925,-0.0661182729346979,0.9045033923637797,0.9819498263614878
3.4934934934934936,1.1602928086068858,-0.15442320636193735,0.8996375512768818,1.1687591823488435
3.5035035035035036,1.161922039687139,-0.2578202554874292,0.8454817287589445,1.686384958194351
3.5135135135135136,1.0589306618169374,-0.1921118623844742,0.8312104969940857,1.050287860739369
3.5235235235235236,1.1820236831099906,-0.3712479230444639,0.7997816518136677,1.2688585619762476
3.5335335335335336,1.1169308653775722,-0.50816973340555,0.779844361796119,1.413845442069254
3.5435435435435436,1.0472737846558562,-0.315465585149143,0.7702856198381749,0.9455106631588618
3.5535535535535536,0.8311351974063046,-0.33775392986155084,0.708150078966572,1.1819879865408904
3.5635635635635636,0.8136199461059518,-0.3599392037706156,0.7410643738045782,1.4259656210956062
3.5735735735735736,0.9645518857418743,-0.4598220711683932,0.7860210043105168,1.2065360959453173
3.5835835835835836,0.807149257483924,-0.553235176469389,0.8173147618702554,0.7947370075771423
3.5935935935935936,0.8550835087859615,-0.6461390949157234,0.7794851810283978,0.8336344108457201
3.6036036036036037,0.7768217994384575,-0.5170105207834603,0.8318150883746322,0.921912348956511
3.6136136136136137,0.7128684691744237,-0.537241835801883,0.8928317267946012,1.2314589568821674
3.6236236236236237,0.6826321325401733,-0.5487167474430672,0.8742459259733658,1.0653933645912328
3.6336336336336337,0.6000889683730747,-0.5498940347363109,0.8619840175455981,1.0635438186373343
3.6436436436436437,0.5609990423810411,-0.5331385726885713,0.8938865942416723,1.5984563866117742
3.6536536536536537,0.7208729987424539,-0.5857544728273391,1.002350144223868,1.011608565263213
3.6636636636636637,0.6270007136463941,-0.4343289187536682,1.0057786540954927,0.8410932361964203
3.6736736736736737,0.6389895257088576,-0.5607148810445073,1.0411354716612864,1.180051251405252
3.6836836836836837,0.7982673332640845,-0.467189284305084,1.0546545959068496,1.5612397606102046
3.6936936936936937,0.6884853444083179,-0.5496293211602687,1.1307085206138383,1.02225879102745
3.7037037037037037,0.7167707998729067,-0.45876860392181096,1.0575852758610857,0.7887727379123493
3.7137137137137137,0.6988864734382854,-0.35086411475002155,1.175912808954195,0.702375133812815
3.7237237237237237,0.8134663725519625,-0.19363297059540563,1.140012340830567,1.0182386740706248
3.7337337337337337,0.745080422881001,-0.16007360565313472,1.1501500848178332,1.273588953883101
3.7437437437437437,0.8772583315553749,-0.233462744253135,1.1823854302315144,1.0242313220727002
3.7537537537537538,0.8697656137841692,-0.09685122043436714,1.1479112313569457,1.5312379532370743
3.7637637637637638,1.0565575438104329,-0.22690920418073285,1.2154624990505554,1.9071749813889154
3.7737737737737738,1.0408285147042247,-0.03464085204658448,1.225066206126397,1.081067542175905
3.7837837837837838,1.0292539245561485,-0.024144951640273568,1.1873420660573342,1.5140973260595505
3.793793793793794,1.0006589884793724,-0.14887498310065037,1.1838507893630315,1.004620914114088
3.803803803803804,1.1404579919664475,-0.026603562847155413,1.1540309830817124,1.277933108226813
3.813813813813814,1.1355840643442259,-0.11065893512375846,1.1302153472922911,1.2001389675362484
3.823823823823824,1.0551591433682543,-0.10209894171010947,1.130896439371428,0.9838300873458898
3.833833833833834,1.1988479777809475,-0.09137785193049872,1.088989525849315,1.5720184745306576
3.843843843843844,1.268431831377967,-0.06855809203587855,1.0725424457512234,0.6330047024404594
3.853853853853854,1.1532123959184184,-0.23087867595712475,1.085665019221193,0.681134523514374
3.863863863863864,1.1347121231168298,-0.16067241974821253,1.0271588679617145,1.1522916981344729
3.873873873873874,1.2783732050508678,-0.24423039554830256,0.9882068817154586,1.514449301975045
3.883883883883884,1.2535698315088377,-0.3090633169212547,0.9991056100652969,0.3269654393823428
3.893893893893894,1.09469020455571,-0.25206934583984814,0.9579457643739376,0.8746601366289108
3.903903903903904,1.2345644732412984,-0.28816880154172264,0.9556697090210715,1.9574347666729026
3.913913913913914,1.1052350380024671,-0.37744594983507,0.8747885376849722,0.9008549249861584
3.923923923923924,1.0740235370331568,-0.4393430746967784,0.8257786825491147,1.3237722468060498
3.933933933933934,1.174851609921301,-0.479368619427342,0.837612560334015,0.8582720651646263
3.943943943943944,1.0784777402861223,-0.4484047555854335,0.8338891792901371,0.9357936048885249
3.953953953953954,1.0573622822188715,-0.4024900124704426,0.815213009057692,1.6361795146596814
3.963963963963964,1.0383028456196883,-0.4579325741876733,0.8607330698611076,1.3208539535621793
3.973973973973974,0.9732725586786353,-0.513511589759029,0.8400717391237491,1.1580508142995043
3.983983983983984,0.724664208651118,-0.5477740722103386,0.8462846452714452,1.3617837229358787
3.993993993993994,0.9323442061790137,-0.7629106036079993,0.7296252309286836,1.2978687580295016
4.004004004004004,0.7716207014252964,-0.6285302485327919,0.8024177742626324,1.1943233020896447
4.014014014014014,0.7359237043181686,-0.7032436999458823,0.8158461484503509,1.0079551317594422
4.024024024024024,0.839296195444675,-0.777431339292876,0.8580134853378504,1.660697271860611
4.034034034034034,0.679361812503582,-0.8436185542617931,0.8761973297563757,1.4743273626566342
4.044044044044044,0.6675607096744373,-0.7442723866985088,0.8634111230086752,0.943397057965123
4.054054054054054,0.5429747723713495,-0.5784169589712056,0.9005671779989167,1.235728848345128
4.064064064064064,0.6452294553140273,-0.8011081198642344,0.9304321939989684,1.1064760398065918
4.074074074074074,0.6409428004390335,-0.7762664812786647,1.0232824332142567,1.2223744208059317
4.084084084084084,0.6222000591726871,-0.5777909280183768,1.0027570775866115,0.7198666578010959
4.094094094094094,0.7078563615192487,-0.7364502604892769,1.0451075027270855,1.1146636283941347
4.104104104104104,0.7020175683070442,-0.5332474269157281,1.0616372190285994,1.3827824477386694
4.114114114114114,0.6174321383588287,-0.7103819200372141,1.1249396457636256,1.049802613211621
4.124124124124124,0.5690483246947797,-0.4858915129581465,1.10596797789312,0.5028666413360382
4.134134134134134,0.5870207128260028,-0.39863003814306575,1.1741354851237231,1.488431573792746
4.1441441441441444,0.5196619769920556,-0.365625470989979,1.1433944932337212,0.9313016617298578
4.1541541541541545,0.7031191063262462,-0.47335774790955737,1.187338613714323,1.586761968379119
4.1641641641641645,0.7938278374516593,-0.45530519421878485,1.1537576480243252,1.1790484538782893
4.1741741741741745,0.7617433033228654,-0.20689241745467446,1.1976038705205236,0.9163601086447171
4.1841841841841845,0.9870151724368565,-0.2929623324284602,1.2132338257856345,1.0533705209305246
4.1941941941941945,0.7836564959038157,-0.2441593525219539,1.127312043296372,1.2011925869409423
4.2042042042042045,0.9253213019440452,-0.31064555084824313,1.1942994915023002,0.9630474125195616
4.2142142142142145,1.0490557369320095,-0.26172873632434807,1.183750663674547,1.1004119674265715
4.2242242242242245,1.0307586416695464,-0.2450894347580465,1.1582079078909113,1.2493514605839189
4.2342342342342345,1.0652861784068082,-0.17297979717207485,1.0836306543778607,1.9109566538807923
4.2442442442442445,1.0051483095722986,-0.24061569785378809,1.1610193199953416,0.9655848589340243
4.2542542542542545,1.1123197309281323,-0.2324098419590269,1.10141513713696,0.9074267471582078
4.2642642642642645,1.0240289986869997,-0.18303933172330078,1.0860337193458944,1.2450304799356056
4.2742742742742745,1.1659837982561019,-0.397109613562135,1.0767921481767646,1.6350678918384391
4.2842842842842845,0.9015694048534268,-0.30768279140292315,1.0010894533813501,1.024593193684539
4.2942942942942945,0.9895674152789008,-0.29023990391242044,0.9712385469546234,1.8751244510589844
4.3043043043043046,1.107385527981945,-0.34551520996888846,1.0135897550655266,0.8418768294415554
4.314314314314315,1.162889384284632,-0.45188748556939273,0.9335501891886264,0.5062999025743706
4.324324324324325,0.9688992072443326,-0.5186504786288837,0.8807394541608013,1.4441989014948722
4.334334334334335,1.0935487989285928,-0.68680054678488,0.885261153997133,0.41722863114658226
4.344344344344345,0.9675944161665144,-0.5720792877740213,0.850724032296287,1.0690537336101846
4.354354354354355,1.085583024885669,-0.5840059999280728,0.8226943165466148,1.042145316681729
4.364364364364365,1.0335008222361326,-0.6498185998248089,0.8192134483783574,0.87277917921153
4.374374374374375,0.7740097570244882,-0.722026917907106,0.8507799088893429,1.427863048537671
4.384384384384385,0.7477047024997929,-0.7630816212210513,0.79248822197262,1.1346669869076424
4.394394394394395,0.9075642711084029,-0.6934477144988316,0.8055176958184909,0.8207371813555421
4.404404404404405,0.7290011398513155,-0.796479258510131,0.8231868408084166,1.329671929657826
4.414414414414415,0.6713223335646695,-0.8813907710559595,0.832470586098625,1.0018033623758469
4.424424424424425,0.6289183134214442,-0.9228299173536716,0.7786525766317242,1.340032859334598
4.434434434434435,0.5502044697584201,-0.915993872346517,0.8941311877553922,0.5882219501767535
4.444444444444445,0.4755805607895197,-0.8856596983075359,0.8899716626965659,1.1344857178444643
4.454454454454455,0.6421259685675877,-0.9636291446941958,0.8279216105394317,1.1130177558469372
4.464464464464465,0.4360332499816717,-0.9536630185894598,0.8630038156183977,1.5631750749953357
4.474474474474475,0.4215841726819998,-1.009027497642348,0.9323364606078386,0.6770750313675666
4.484484484484485,0.56390343957936,-0.9125719808058451,0.939935507418359,1.099068345904168
4.494494494494495,0.4460214804701723,-0.8219911599251168,0.9921565906744242,1.4662935413528302
4.504504504504505,0.5342571315834926,-0.9674424555297553,0.9596116485732622,1.2526998701765735
4.514514514514515,0.4566766126304684,-0.9779531821122688,1.0654265906154532,1.6301928270853905
4.524524524524525,0.43171457814276537,-0.8141780952467171,1.0585948093639046,0.9644085292299304
4.534534534534535,0.4339118428491254,-0.7674016035595914,1.0997483284665002,1.2198286551717261
4.544544544544545,0.43480178671365954,-0.6320967904530432,1.1091326092233709,1.2818593050497118
4.554554554554555,0.6248047390180047,-0.6169331295164107,1.1665283988103607,0.7795836865522145
4.564564564564565,0.5698973960775374,-0.6401856938841425,1.192074396986736,1.2311756551947732
4.574574574574575,0.6145110002318893,-0.4943249175824129,1.1823421400919876,0.6653178432125861
4.584584584584585,0.6491176406888954,-0.5692741026834296,1.2061403068557528,1.2972106870796358
4.594594594594595,0.5619570058195689,-0.47196733322152906,1.2275485185324044,1.7222896170332445
4.604604604604605,0.6982380283225655,-0.4311701780489931,1.157934609219352,1.0250061792486094
4.614614614614615,0.9271736314849401,-0.4790843894426268,1.1718755701184882,1.1368136045125345
4.624624624624625,0.7736039789000313,-0.3878380708723388,1.2245217256195362,1.4632216385598544
4.634634634634635,0.8879454239057539,-0.24928859251823127,1.1692375113060454,1.375192290321355
4.644644644644645,0.9341381293723193,-0.43634468427223455,1.1231615158577963,1.363215259999457
4.654654654654655,0.722525187563366,-0.44909087138478593,1.1447054954713796,1.0841382912218127
4.664664664664665,0.8971107024286142,-0.5000275112998492,1.1803746668118686,1.2113052102055173
4.674674674674675,1.047213435799426,-0.3297190067546365,1.1373211771384995,1.1621747372133926
4.684684684684685,0.9565719079253162,-0.2994868936001303,1.1135793498380278,1.722617262306068
4.694694694694695,1.020681997870923,-0.3976738836351847,1.0369762333265804,0.6543640725171624
4.704704704704705,1.0782576018441996,-0.46226067027337303,1.0104775624784905,1.4183916703050448
4.714714714714715,1.0865715188848273,-0.47835337695888913,1.0267000364983003,1.3205299001436626
4.724724724724725,0.9477155203738092,-0.5563426940523036,0.9430547935613074,1.0551374346963642
4.734734734734735,0.9033431665937354,-0.5375893922543911,0.9278021821970757,1.5408869619973635
4.744744744744745,0.979963094358642,-0.6106856731343578,0.9122981110099604,0.5970167676650026
4.754754754754755,0.7879468981476964,-0.7541740006634368,0.9256527161341173,0.8354202096579999
4.764764764764765,0.9513564455258956,-0.814335987648789,0.8824379913924079,1.2121238601939304
4.774774774774775,0.8294491086992374,-0.8253510396163467,0.8773668961825181,1.0177670449189484
4.784784784784785,0.793518132527456,-0.9541324186556452,0.770653416173104,0.9480676601523792
4.794794794794795,0.7501113753191141,-0.8629178243713359,0.7479458860394819,0.9425088685227008
4.804804804804805,0.7396757259637503,-0.8929219189662584,0.8147314908085906,1.030982290265891
4.814814814814815,0.6281675480131449,-0.7793265514289162,0.8012240255356604,1.467069414868718
4.824824824824825,0.7266055452938514,-1.0286200931715965,0.8032868023508158,1.0169263443804577
4.834834834834835,0.5126490114295916,-1.0133090421909166,0.7941129634489618,1.4418050586324773
4.844844844844845,0.526973631748342,-1.0995075763621693,0.8472060185115526,1.2361125427196622
4.854854854854855,0.46998286421095703,-1.1238789578580441,0.8214283477578955,1.2456801547399654
4.864864864864865,0.4906854754155836,-0.8669153312944842,0.8814077911242391,1.0523859503303785
4.874874874874875,0.43880002678889585,-1.0759417048879354,0.8554876823636709,0.8078098739528055
4.884884884884885,0.3585972365399548,-1.1449662393117777,0.8813664362309216,0.8874369093017107
4.894894894894895,0.2792600854565867,-1.029394841992661,0.9205243271698079,1.3691036652568007
4.904904904904905,0.3826767976103844,-0.9884125157964812,0.9873248695429162,1.116261969982821
4.914914914914915,0.42901823141854156,-1.0071442103345156,0.9767546278246823,1.269526190758465
4.924924924924925,0.36039599947288536,-0.8365737144682344,0.9763346303504207,0.7303665380968903
4.934934934934935,0.21745935455355897,-0.9843817635234228,1.0587318311482055,1.4788852474272562
4.944944944944945,0.34954786885799377,-0.9993116012701025,1.1247198138593284,1.040724618114447
4.954954954954955,0.40150905721795815,-0.9161284592286902,1.0924061334138835,0.8978282663767849
4.964964964964965,0.288909279685785,-0.9087783095898343,1.0877179303737325,1.12490971702846
4.974974974974975,0.3938432650145213,-0.7461294426949872,1.1774373307469095,1.0448895956069109
4.984984984984985,0.3738134370153955,-0.7839070812162576,1.1628330854989934,0.8368656577601843
4.994994994994995,0.5143007114723137,-0.7973348514262067,1.1980798065212117,1.581865451149857
5.005005005005005,0.5982335444422637,-0.6905798430757242,1.2314830304432967,1.3438934216143816
5.015015015015015,0.49091956556609284,-0.5670753914599712,1.177016522661811,1.2461181259035976
5.025025025025025,0.6422575207533078,-0.5643811478826916,1.2112935925680088,0.9058973789997505
5.035035035035035,0.8572118914008195,-0.6129252112437117,1.1456364815306268,0.8334635274155793
5.045045045045045,0.5489671297080406,-0.48525817892283335,1.1616024444362953,1.3811515324306454
5.055055055055055,0.8270150675833233,-0.4055230938366512,1.1518997248891183,2.0278683052554967
5.065065065065065,0.6733841136640846,-0.586671943530345,1.0947625649626611,1.1171182275174514
5.075075075075075,0.7371173913180045,-0.5036187099604609,1.157801182485753,1.3422517636867313
5.085085085085085,0.6873362692546656,-0.480269381705792,1.0994472094046834,1.096756743789159
5.095095095095095,0.9132482458804708,-0.5639027038772492,1.1076514180714687,1.0085587289004645
5.105105105105105,0.9067765710869197,-0.554871598398621,1.1338818193861118,1.3513651326534712
5.115115115115115,0.8384768345571448,-0.6029107800802873,1.0352305869954153,0.8769976917514015
5.125125125125125,0.9146731878665939,-0.6152119735605363,1.0289432936202734,1.4616357324843328
5.135135135135135,0.939760329490813,-0.562692868780081,0.9547273574221209,1.1970348414210579
5.145145145145145,0.8796628973360543,-0.7247364024307615,0.9512504225932761,1.7597650691903803
5.155155155155155,0.9949788988385782,-0.731624615581754,0.9473464347626589,1.056392792781693
5.165165165165165,0.8370338962395317,-0.5984942911434707,0.927848857466429,1.2090018455386755
5.175175175175175,0.8401678171083569,-0.8664925984168478,0.9006320268840575,0.975910848726056
5.185185185185185,0.7410857678338573,-0.7515235313412818,0.8635449481229874,1.3799017902465318
5.195195195195195,0.7221732230284186,-0.8290072046882325,0.811910448384596,1.1268760864492462
5.205205205205205,0.6366118628397206,-0.9778892757708131,0.8358849348464317,1.6772282443604192
5.215215215215215,0.6525843245437634,-1.1224275742263572,0.799774805436356,1.1760662901357577
5.225225225225225,0.4996341031296341,-1.0680411865804702,0.8273556099190176,1.2372071800898228
5.235235235235235,0.5975098669779012,-1.1000785706083056,0.7738006811718319,0.6503544175237425
5.245245245245245,0.4587035943579976,-1.0482869334824911,0.786492317346064,1.1309825190456526
5.255255255255255,0.3351063878522201,-1.1111593083806721,0.7584540932894712,0.9692118063918416
5.265265265265265,0.30707746881126724,-1.257482099018378,0.8449060480589857,1.2448194167277167
5.275275275275275,0.48463904517719103,-1.1818775006430087,0.8051511750051663,1.5134236475188882
5.285285285285285,0.10089486939116529,-1.1234233363730448,0.851932281356483,1.3160239809445127
5.295295295295295,0.28744011929529145,-1.130318672265266,0.877499933405361,1.1757472316635191
5.305305305305305,0.2157490456305342,-1.2660017098092475,0.9311151813490672,1.335610517532535
5.315315315315315,0.19859766403232879,-1.3784625809736477,0.9523045625879667,1.520371978845957
5.325325325325325,0.05388331974712221,-1.1685011930486744,0.9831772154853573,1.4838902555131614
5.335335335335335,0.17751550875354982,-1.051082755783145,0.9923830836384462,1.2755855906042592
5.345345345345345,0.165799477330497,-1.1564212300031242,1.0021060824381978,1.238088952974637
5.355355355355355,0.028011801237933148,-0.9974359310154173,1.0389972601897353,1.4002598530835833
5.365365365365365,0.1871143006174949,-0.9021537753040849,1.0903366774864685,1.2928962514392008
5.375375375375375,0.22434521066794208,-0.9528192710205097,1.115986277171065,1.3442946775870115
5.385385385385385,0.15175159042978836,-0.9494480566864285,1.1598844811390576,1.9496263472927882
5.395395395395395,0.3275081056091806,-0.9449139293217235,1.1923199868704872,1.0661677823914242
5.405405405405405,0.13153331298676818,-0.7992496770975537,1.1475028996747918,1.4345894926076175
5.415415415415415,0.3911444769282041,-0.6488438874785669,1.1793114902892152,1.3328508768012486
5.425425425425425,0.26867102480089833,-0.76896669926972,1.249104902190777,1.2920755117753968
5.435435435435435,0.3411976603099532,-0.6404107535717565,1.2104008785004343,1.2290806375098209
5.445445445445445,0.38896783577075933,-0.7060051325766127,1.2240033561387462,0.7390636915763288
5.455455455455455,0.413171700466935,-0.5924812598166435,1.1544021658476722,0.8409363857547392
5.465465465465465,0.46359867207783384,-0.5489423554340221,1.2040140961511585,1.0059724029555703
5.475475475475475,0.5144336151490609,-0.5272227046013618,1.173116421128895,1.3211619668129806
5.485485485485485,0.503143684811696,-0.4726737593929471,1.1928274683617606,0.5827592960225005
5.495495495495495,0.642937059216038,-0.6364154311434141,1.1623839047390438,1.0389780760689256
5.505505505505505,0.7000072939302523,-0.5737646229585276,1.1002644719414658,1.3278686041291499
5.515515515515515,0.5443116631386329,-0.5969783069575735,1.1018919742288695,0.7861031480611304
5.525525525525525,0.7198556132088695,-0.7182574520428359,1.116714503960664,1.2847712561235194
5.535535535535535,0.5683395528176923,-0.6056584127361796,1.0263588289737646,1.0686083960416013
5.545545545545545,0.7215891794512171,-0.5860565988556237,1.0892689612395576,1.2727125133035067
5.555555555555555,0.5639673775392658,-0.6428968843140208,0.9997231727543957,1.4430338012368957
5.565565565565565,0.6647277620054948,-0.8344122434378088,0.9580101522341726,1.4105495498258276
5.575575575575575,0.6027196141454183,-0.9104555730763608,0.8962825727286943,1.5242130827923575
5.585585585585585,0.6051636867863963,-0.8964314557665103,0.9073850435124585,1.315908101679388
5.595595595595595,0.6742103280874135,-0.8892108545222177,0.8821291743954418,1.442072683389544
5.605605605605605,0.5608703424865595,-0.9265744311079654,0.9080186155177911,1.762278619711846
5.615615615615615,0.47847409729236373,-1.1398208154305767,0.7986547551668775,1.588109134147149
5.625625625625625,0.6155113126081528,-0.9912090293820364,0.8146606318028469,1.07361586829065
5.635635635635635,0.30172064534877374,-1.134616054716927,0.8132437950904479,1.2957520333053654
5.645645645645645,0.28365118033817827,-1.131916286448404,0.791099167130197,1.2731411949989266
5.655655655655655,0.32403394072370234,-0.9891245609289941,0.7573645270406767,1.1421169817303551
5.665665665665665,0.3847475678060392,-1.2780994069459197,0.7809620550374728,1.0555584637345419
5.675675675675675,0.08647281599885226,-1.1115643725937425,0.8534874393879446,1.302048571957144
5.685685685685685,0.2352668288386425,-1.2525107497517203,0.842063859602811,1.08165517179469
5.6956956956956954,0.05293520663585849,-1.2585916104804757,0.9197378950619047,1.2167132596506884
5.7057057057057055,0.06227606008300017,-1.2143458430611767,0.8467807950158873,0.9377825030181854
5.7157157157157155,0.14138356050220824,-1.2044901413239604,0.8885396225859996,1.7495022248185386
5.7257257257257255,-0.02691374685383483,-1.2624425858749853,0.956392557661819,1.2755876045244134
5.7357357357357355,0.02530017267756108,-1.1013101881026324,0.9080158140177714,1.9348185117960406
5.7457457457457455,-0.08646399272613692,-1.3282093834088984,0.9635519906570756,1.0621174109573581
5.7557557557557555,-0.016329436244413367,-1.0925243482048819,0.9781086114149202,1.3711499476139997
5.7657657657657655,-0.08956751257696127,-1.0150124081738479,1.0052040669640236,1.1481381858063464
5.7757757757757755,-0.10528169138439211,-1.2743313239066358,1.062127244380224,1.2468153607389922
5.7857857857857855,-0.09758902446265727,-1.1179021726074887,1.1310390347989148,1.2740360521558558
5.7957957957957955,-0.04982412087161195,-0.9672989998696425,1.114418122527849,1.1664653313954225
5.8058058058058055,-0.08353336794166046,-1.0513187187549482,1.1570661493667465,1.6986289224040219
5.8158158158158155,0.21679878287433546,-1.0344003684567258,1.1265280322409308,1.5465440845768255
5.8258258258258255,0.0059028019202549825,-0.9180409347299369,1.1520005665868907,1.0762210284107387
5.8358358358358355,0.14421154713193074,-0.7596690081268439,1.1615226656653952,1.4977007970399332
5.8458458458458455,0.2202348871929695,-0.8031639254559053,1.2376609704517314,1.0063198735997458
5.8558558558558556,0.25990817027408464,-0.7548759263041667,1.2763182977739134,1.5872174905713008
5.865865865865866,0.21352102502837014,-0.7910189452486662,1.1453883297635785,1.1996047490494297
5.875875875875876,0.16930407961943228,-0.7428098571291382,1.2432754789702771,1.6715447703624895
5.885885885885886,0.34817625971155297,-0.5992284798410441,1.1899915568502877,1.7185626474818163
5.895895895895896,0.400051524380994,-0.7428942995921811,1.1322652541617533,1.175582248276973
5.905905905905906,0.5059941116614453,-0.651855567587391,1.1743835817335109,1.19880981463913
5.915915915915916,0.475072739155309,-0.6321395799778304,1.1744488928550192,0.7103831449832558
5.925925925925926,0.4158116377554355,-0.6793288227857674,1.1366713365461354,1.6064978148504145
5.935935935935936,0.41623160558836,-0.7239641019917605,1.1218249951807822,1.9782835675608936
5.945945945945946,0.5169000399853017,-0.5438653724202572,1.0969558615988957,1.3028151965177568
5.955955955955956,0.5148707829271606,-0.7950758941269124,0.9908456446288655,1.1871799040994517
5.965965965965966,0.40188137653279954,-0.7414681430288057,0.9963407490210285,0.9748028984231125
5.975975975975976,0.3780445182111159,-0.8046229371413294,0.9878076538879201,1.0892337315735232
5.985985985985986,0.4781323927626294,-0.7878274348776511,0.9594377640903919,0.8550631209538024
5.995995995995996,0.4135463797352629,-0.8523717092080451,0.8827249555496853,1.1371533474652513
6.006006006006006,0.3508676090127717,-0.9416603450505311,0.9337600954400929,1.076396498564545
6.016016016016016,0.26617216797148385,-0.964903794951341,0.8796929957874117,1.3793070899414184
6.026026026026026,0.322882956907764,-1.0497626988129491,0.8430687708124935,1.0183649033798485
6.036036036036036,0.2318462440359909,-1.117524566735341,0.9138249446363358,1.4879892188406705
6.046046046046046,0.1696958437556169,-1.0139401050089552,0.791017983758862,0.6952305579156278
6.056056056056056,0.29698325387200675,-1.119527567425931,0.7691158509066144,0.9673998715069954
6.066066066066066,0.08878749550714823,-1.1518216040724332,0.7562834964531047,1.1827560527741687
6.076076076076076,0.16911086893412464,-1.1198127847848396,0.8442595815077499,1.067769303334617
6.086086086086086,-0.029241830541225325,-1.213948655359043,0.7584555349660158,1.3955136463033246
6.096096096096096,-0.2037248488742239,-1.3473221421618924,0.8001904762021811,0.9022445833035164
6.106106106106106,0.004314158137441161,-1.2208201958059417,0.8815659689365927,1.3928010340662158
6.116116116116116,-0.33701359848590234,-1.2776080268681214,0.8454037697367263,1.4358297279357009
6.126126126126126,-0.06622239657920338,-1.2453575606281297,0.8642377736293017,1.5612237571547938
6.136136136136136,-0.06550910235885796,-1.3294604818228732,0.8273209941181187,1.3189592806806667
6.146146146146146,-0.17033469689387098,-1.26336103671337,0.8954846339962917,1.0174618259032162
6.156156156156156,-0.23860718152033725,-1.3522317395413808,0.9550294601780441,1.0357874931497948
6.166166166166166,-0.30652229727467983,-1.3905620539564172,1.0150579449519497,1.4729374776165107
6.176176176176176,-0.17050920322552113,-1.0952278047204271,1.0107672887168195,0.9211882156695768
6.186186186186186,-0.15212242310157445,-1.1254826097565482,1.0553240656599558,1.4589973210330276
6.196196196196196,-0.22317884272851052,-1.14251694072505,1.0500562267065259,0.8680817034288608
6.206206206206206,-0.22648793239490045,-1.1843253495432546,1.1026588366348875,1.0843446439273725
6.216216216216216,-0.24399035803523694,-1.0149016811224638,1.1347467261368698,1.0555220646027046
6.226226226226226,-0.08546046893876856,-1.131097217308301,1.1058873068389115,1.460698604157574
6.236236236236236,-0.11347118882392754,-0.9873535127069774,1.1441120606364819,1.8601980369652935
6.246246246246246,-0.009969861781980005,-0.8478659401990118,1.2290694735692835,1.146801071699196
6.256256256256256,-0.042961273902748946,-0.8918636623647695,1.1813745329006597,1.4443974534846038
6.266266266266266,-0.16778715575834538,-0.8852126092940309,1.1721829504456058,0.6842379562432129
6.276276276276276,-0.09997137195506552,-0.8643897187268638,1.177598271238188,1.2178115863318506
6.286286286286286,-0.01161206828613874,-0.7597626783994598,1.190601527105445,0.870167838715056
6.296296296296296,-0.12562159741151951,-0.824025668388814,1.1879375245383308,1.1650360433608982
6.306306306306306,0.08384193207490861,-0.7191501923476972,1.2128646099112326,1.1094464939745463
6.316316316316316,0.1732110634037739,-0.7555387530924845,1.2514705145460774,1.3826690010629004
6.326326326326326,0.28240985741134217,-0.6612720218051097,1.1971740990554913,1.467411460642786
6.336336336336336,0.16101102549425944,-0.6060718425403235,1.1336457196983345,1.0087865348605052
6.346346346346346,0.10141826459902366,-0.7703600010224931,1.0694194220203006,0.8799546198061954
6.356356356356356,0.3640039347164107,-0.8024293747090262,1.0665816872072587,0.7979300294020275
6.366366366366366,0.30046093246151917,-0.5972015381311153,1.0856178122903,0.9559866835979675
6.376376376376376,0.13641744627985544,-0.735384347872847,1.0072428916309282,1.07620059219121
6.386386386386386,0.12045366785120301,-0.7803054363478078,0.9996530350612131,1.2499174995798208
6.396396396396396,0.24642644249714768,-0.8029273760248128,0.9367184995965759,0.9341256452893012
6.406406406406406,0.3437307027478715,-0.910108136279832,0.9262394102346524,1.228407394458099
6.416416416416417,0.21462706857948732,-0.8202206266300345,0.8987515495223897,1.0059999956805237
6.426426426426427,0.19309656642014875,-0.8725289081956972,0.9243395788062029,0.8164393818207554
6.436436436436437,0.049925757142345525,-0.9429034262879252,0.8549088064660019,1.4355568308792241
6.446446446446447,0.21481866306707367,-0.9418498572306084,0.832710471490885,1.2446559889007682
6.456456456456457,0.23392193081879004,-1.128632102403939,0.8437828994861264,1.0258096411460769
6.466466466466467,0.037157644685136305,-1.12503005975573,0.7994595211472315,0.9775307118217841
6.476476476476477,-0.03361345881450155,-1.1468090979590495,0.8116862915177371,1.3106239047860597
6.486486486486487,-0.09705099513377631,-1.0792893365552128,0.7899005088996827,0.9137451956418683
6.496496496496497,-0.2353984039140295,-1.1764850086723404,0.7963158449659712,0.879564071398534
6.506506506506507,-0.29383895301249785,-1.1046241665352725,0.7910291780607446,1.272516598401316
6.516516516516517,-0.17789869703004008,-1.0455472487640782,0.8247742655143602,1.0396131935754367
6.526526526526527,-0.3414119116324395,-1.1282497247236316,0.839141783346168,0.813262194290002
6.536536536536537,-0.4308517421104192,-1.2176685758707433,0.8323328542467969,1.1324773422342231
6.546546546546547,-0.33705064684583724,-1.2816083289126732,0.8417512824397294,1.4271045382063
6.556556556556557,-0.21778821578999372,-1.2404105736747586,0.8790904570060205,1.1002544330910726
6.566566566566567,-0.43230555486417677,-1.5038977426749167,0.8775774509288955,1.6528072856244163
6.576576576576577,-0.429520964097182,-1.2817255756582002,0.9376240010126169,0.7788213120274063
6.586586586586587,-0.5006462534698394,-1.191729295459191,0.983770201223116,1.0827189926988758
6.596596596596597,-0.5123962370259575,-1.1264608423668514,0.9596132870959027,1.4069131221016755
6.606606606606607,-0.46280658928077456,-1.149498571912683,1.0655141063952467,1.5866779006752356
6.616616616616617,-0.3464089922622029,-1.1374738158294087,1.0101779776172048,1.4285322934325173
6.626626626626627,-0.38204745573120935,-1.1227511820978837,1.1180101835674463,1.3319891928016356
6.636636636636637,-0.3425199614414186,-1.0356148344561649,1.0424782685715746,1.6580139314211582
6.646646646646647,-0.4800188591383058,-1.0679325289810544,1.1823350615300237,1.5228078150352693
6.656656656656657,-0.44696915452461583,-0.9237663296023008,1.1795279139990935,0.9818172953520766
6.666666666666667,-0.3520848295964406,-0.7906970885610075,1.1756750753348648,1.163681941229478
6.676676676676677,-0.19034418350535506,-0.902912252688968,1.1696380436695062,1.5634862934094735
6.686686686686687,-0.343339304290164,-0.8753880011579949,1.190409128976257,1.3435613298112128
6.696696696696697,-0.34773584240993005,-0.8208071885661354,1.1449456311174033,1.370842632885441
6.706706706706707,-0.10212770921043238,-0.7687367567033189,1.2172061125074394,1.1324491296098067
6.716716716716717,-0.09336481282493408,-0.8345977741863837,1.1690912892272254,1.2782206204106152
6.726726726726727,-0.0988682661584166,-0.6992593527003219,1.174563848910705,1.2464513837489666
6.736736736736737,-0.084580971713484,-0.6532214701227912,1.177917447499677,1.9513422612779294
6.746746746746747,0.06415577738945889,-0.5712683173091747,1.1800779131117634,0.7654770565271912
6.756756756756757,0.05619274495558245,-0.7680195636620462,1.1344539716472741,1.5128095293462194
6.766766766766767,0.018490694601667957,-0.788196145725113,1.0907808146532234,1.283842729411024
6.776776776776777,0.020951917049162015,-0.7612667984525412,1.1042740545069254,1.3826174096416004
6.786786786786787,-0.0018595631561481862,-0.6829672388472288,1.0759856187011654,1.075285308232636
6.796796796796797,0.08508776111366334,-0.8305627811459032,1.0487737089778326,0.7574425007415875
6.806806806806807,-0.04029317600265915,-0.7554137356759357,0.9482256117201897,1.2042499265915967
6.816816816816817,0.0697861853436878,-0.8888237249120209,0.9768644435882461,1.2268676163689165
6.826826826826827,0.10238887592177001,-0.8758519222360506,0.9830005294232584,1.4197787357265577
6.836836836836837,-0.013021936827660936,-0.8187921969353145,0.8723451437903748,0.8240370799283727
6.846846846846847,-0.001529356541442168,-0.9326767541831783,0.8884845449193617,1.449315388829079
6.856856856856857,0.07224520616694674,-0.9684099686253211,0.8516738354479537,0.8502533662492684
6.866866866866867,-0.1925727024906257,-0.9315731686149568,0.8167625543041472,1.2479299542217577
6.876876876876877,-0.157153467233177,-0.9699284008208917,0.8543139493600459,0.9974671306601745
6.886886886886887,-0.20847365159090386,-1.0811890244560838,0.8385617434636731,0.9572735899810594
6.896896896896897,-0.36508428277896876,-1.2454908343974433,0.8240076009008054,1.7132963348607007
6.906906906906907,-0.32165875269156713,-1.1693267785848558,0.743705849749503,0.9597711409580797
6.916916916916917,-0.22910459828929122,-1.1568448369246278,0.7704616495730086,0.5815136399358222
6.926926926926927,-0.32591836769854493,-1.2374044408486398,0.7827871442873426,0.8480402976878926
6.936936936936937,-0.38486699226706467,-1.2272590102554473,0.8343999707612645,0.708832995356929
6.946946946946947,-0.42814997079627853,-1.3024584824214527,0.8359450761454337,1.402434165569702
6.956956956956957,-0.49719619134821497,-1.25246282474148,0.8260886527557965,1.606427731990752
6.966966966966967,-0.45297051190179216,-1.1284960449245276,0.8576591296565101,1.338755235055722
6.976976976976977,-0.5406305064101771,-1.2854350401376546,0.9040779325152716,0.9631887485302127
6.986986986986987,-0.6682990541519627,-1.2213143511799982,0.9233248210840963,1.0317794302939503
6.996996996996997,-0.7088200652515595,-1.4148169100569357,0.9922319567321449,1.4518159814269156
7.007007007007007,-0.604113639847526,-1.2474686140079223,0.9822432173048641,1.4197326986524572
7.017017017017017,-0.7402271973564145,-1.0507585162384236,0.9799010283440704,1.3894668200740228
7.027027027027027,-0.6563296198016458,-1.1578140575973048,1.0569728152881672,1.4364864881236947
7.037037037037037,-0.5672055174602775,-1.1243528846237743,1.0702937817455467,0.3130660708072591
7.047047047047047,-0.6922751403261594,-0.9109924727426452,1.0864053993345046,1.2460864878228681
7.057057057057057,-0.5982878863180422,-1.0170739961584851,1.0723159353951077,1.741876079721423
7.067067067067067,-0.6288078778634908,-0.9442311622252364,1.139418869530028,1.6935272854197727
7.077077077077077,-0.533115845213314,-1.0859864174973375,1.1219033884327885,0.9695346081360138
7.087087087087087,-0.5274940752246021,-0.7630518502914924,1.1876094964023933,0.9267086367045961
7.097097097097097,-0.5020885815183842,-0.7356480307654341,1.1413052995027628,1.324384794618605
7.107107107107107,-0.5770261938183345,-0.745293832261597,1.1857279080002692,1.6161591391605947
7.117117117117117,-0.5378304355173997,-0.7005291431200953,1.1800653990637182,1.580659546600596
7.127127127127127,-0.3442299744435704,-0.808982364857604,1.1925585446618638,1.1753252002576016
7.137137137137137,-0.4645853666999199,-0.7649086188374912,1.18908150808117,1.3313059379554302
7.147147147147147,-0.39932035329307547,-0.6504957669466758,1.1577417153530594,1.3215429169609578
7.157157157157157,-0.3028032288851579,-0.6865827879293912,1.1779599247465222,1.8121208808179659
7.167167167167167,-0.29341724730590674,-0.6264043526375991,1.1579029546252784,1.710648161907017
7.177177177177177,-0.2641524861652411,-0.5346898249605149,1.1473644724490069,1.3304299328671017
7.187187187187187,-0.15736063822906204,-0.6398459220403845,1.1679650124115173,1.3928807721021792
7.197197197197197,-0.17081712345108085,-0.6355597970488388,1.0666807514600618,1.0139969151999435
7.207207207207207,-0.15332444450427846,-0.48504388062323023,1.0564027797606772,1.4178432787200084
7.217217217217217,-0.07641257636999532,-0.7132420957945846,1.0404790205093932,1.3190930512584234
7.227227227227227,-0.13335892145904488,-0.6206604215927288,1.0135005304671698,1.2743357285063375
7.237237237237237,-0.09081154250717179,-0.6010952888478845,0.9852210412573893,0.7441636579153577
7.247247247247247,-0.1636846973565496,-0.7899276769361098,0.9384371021407508,1.1684420218282896
7.257257257257257,-0.26353194994997553,-0.7938793094988968,0.888041983297435,1.1228207737683094
7.267267267267267,-0.23912139705396374,-0.8485493014122517,0.885941466293395,1.061406215976035
7.277277277277277,-0.25571995728441677,-0.9123818636642653,0.8194668829350956,1.4142052574832478
7.287287287287287,-0.2713324871510776,-0.8838526172978199,0.8634453770935601,1.2646734257638879
7.297297297297297,-0.4260425258276769,-1.1050633260805933,0.8048468949076771,1.8053086275829506
7.307307307307307,-0.4408235483068645,-0.9534176693733105,0.7918206633538227,1.2736485577822623
7.317317317317317,-0.33031983395744957,-1.0718675751013218,0.8030025488973732,1.5004809123755227
7.327327327327327,-0.6524022453460562,-1.028553858883162,0.7573865863513575,1.4248423862115052
7.337337337337337,-0.4558553936974433,-1.1813724496897233,0.7865901915056843,0.908872420655328
7.347347347347347,-0.6781705779051799,-1.1433494556249453,0.8032776831731596,1.2004789176153214
7.357357357357357,-0.567440203552577,-1.1885906883945692,0.7966747772683159,1.0415780398731518
7.367367367367367,-0.6319649382041292,-1.0964534120527327,0.8369733854036252,1.1797231646653128
7.377377377377377,-0.8282151030712605,-1.2985282440789114,0.8340751386869316,1.1644920372369723
7.387387387387387,-0.6988821788132304,-1.0810802560418769,0.8828365999175253,0.9391807688394938
7.397397397397397,-0.6962578032085339,-1.2356824252145033,0.8530548759402191,1.4500486558533856
7.407407407407407,-0.7429033055167917,-1.1230575245354846,0.9372927091752453,1.163939775898425
7.4174174174174174,-0.873747809589098,-1.221794119336194,0.9712984267343919,1.218502235112551
7.4274274274274275,-0.8819300120188576,-1.1133012702242222,1.01683659833477,1.1506996452460052
7.4374374374374375,-0.8617737952016129,-1.0715861839818277,1.03118387018498,1.6206853627059588
7.4474474474474475,-0.8184131314950527,-0.9886235098536931,1.0254830805284643,1.46509173018692
7.4574574574574575,-0.7628947273469304,-0.8655052732109769,1.0550124205344626,1.2046831770246045
7.4674674674674675,-0.7211864496372479,-0.9907515187037963,1.0857811044064556,0.988588861475975
7.4774774774774775,-0.6870637780276364,-0.847332210517443,1.1254949249689066,1.4135998059414585
7.4874874874874875,-0.8352817132727585,-0.9432764951388667,1.1662500391332145,1.445778008841424
7.4974974974974975,-0.7820474226978776,-0.8619631035403928,1.133341855649798,1.5527251479466642
7.5075075075075075,-0.787975581045445,-0.6639665469223267,1.179408375607893,1.3966577954667478
7.5175175175175175,-0.7336752307982164,-0.7294476979084688,1.2176642351317657,0.9436642662980967
7.5275275275275275,-0.6435635546539844,-0.660233795312192,1.244140876128929,0.8843534465773325
7.5375375375375375,-0.5684021173940608,-0.546883184596137,1.1649290315971437,1.6721613669644284
7.5475475475475475,-0.4219906964849756,-0.6128255583061103,1.1789103212528298,1.299790609916271
7.5575575575575575,-0.4381850678475555,-0.6877829237047884,1.178460894901534,1.2361180716452291
7.5675675675675675,-0.6176879507853591,-0.46524674151900014,1.1523728265634208,0.8421845974932191
7.5775775775775776,-0.3022923260430158,-0.42591584974620594,1.1671580997292206,1.6836803861123597
7.587587587587588,-0.3506703180188911,-0.41461738737069115,1.2107968479932456,0.8134174448469194
7.597597597597598,-0.3582336906470099,-0.45116664986073135,1.1337836557165508,1.4473269645013254
7.607607607607608,-0.339738575883064,-0.4425636209259597,1.1128359509896177,1.5509872021768363
7.617617617617618,-0.29554184164817193,-0.42364507059140755,1.109363487132257,1.1917577964082364
7.627627627627628,-0.23841775197637163,-0.42921154340852763,1.0016483870877928,1.1072629089015729
7.637637637637638,-0.3670914899132866,-0.42491683443458994,1.0305666519240069,1.5525713958200367
7.647647647647648,-0.2108551084130705,-0.5187790281759547,1.0558533985462077,1.2728295225537491
7.657657657657658,-0.34615601365599746,-0.6278409842074477,0.9736609595638658,1.3628615756940188
7.667667667667668,-0.3229511298532842,-0.5796200034463646,0.9052415224367962,1.346324234017928
7.677677677677678,-0.33745071588421727,-0.5598527679469479,0.9037095088197715,0.7982593033349841
7.687687687687688,-0.3557680360051919,-0.7095194126835009,0.844729420524878,1.0217021867076501
7.697697697697698,-0.42870712119153137,-0.6999434919292443,0.7860275228615643,1.5971600664747336
7.707707707707708,-0.43734034616733,-0.7156048440979409,0.842026826080749,0.35351634353727746
7.717717717717718,-0.5004236451466095,-0.75802525763148,0.8606623654607028,1.675258012752787
7.727727727727728,-0.6522384215243038,-0.7742234867838047,0.7984988098175859,1.445746617293723
7.737737737737738,-0.7009276396135002,-0.88430890412189,0.7630159826429298,1.095500909097416
7.747747747747748,-0.602847960870617,-0.934096433011617,0.7907646898260419,0.9673841571430315
7.757757757757758,-0.7657542323223829,-1.1056665458469292,0.7676309173567538,1.0561067501454655
7.767767767767768,-0.8442557362498281,-1.1565777942793998,0.7682170770478064,1.200515917792603
7.777777777777778,-0.8177811964269447,-1.017616200314313,0.7992617031022873,1.477045747727563
7.787787787787788,-0.8720482986732386,-1.1142487788748852,0.8421218475920244,1.424594485376511
7.797797797797798,-0.8219855020723139,-1.0052376341331974,0.8581711399860451,0.6311027288882147
7.807807807807808,-0.9152010482984593,-0.9541420305270092,0.8923453910430602,0.7385154646095748
7.817817817817818,-1.1829790314823452,-0.9098554522464872,0.9438630667381273,1.9276464623861942
7.827827827827828,-0.9324390295353082,-1.0114789640525146,0.9045509230456432,1.2335709539563526
7.837837837837838,-0.995419724446996,-0.8780708733260622,0.9371954554407693,0.9421941159643741
7.847847847847848,-0.9567834442891867,-0.9679071968784266,0.9812967307996263,0.37109660368521324
7.857857857857858,-1.0638420400926523,-0.9867674823634353,1.0804545445030316,1.3487335284552884
7.867867867867868,-0.9357198265382638,-0.7902166492282561,1.0309372353410395,1.4013772987001678
7.877877877877878,-0.9990265012984371,-0.761378467820038,1.0803026920137662,1.4213905102606617
7.887887887887888,-0.9796709387293082,-0.8429201577237707,1.11434630504692,0.7651803600350735
7.897897897897898,-1.0022254223789249,-0.7813764699852662,1.1835021177310405,0.6358785873418945
7.907907907907908,-0.8813415834802804,-0.6458323853741609,1.1441118963348307,1.1340038302575925
7.917917917917918,-0.908823731709954,-0.5767615705909436,1.1879462542840602,1.4679095089389498
7.927927927927928,-0.9784379381801652,-0.7038234842399558,1.1616331929153572,1.5827460887983262
7.937937937937938,-0.690790395904277,-0.6005019410133091,1.1524795299529296,1.097124409800657
7.947947947947948,-0.8357356300168307,-0.43957491315678987,1.2336771070863652,1.365888940690742
7.957957957957958,-0.8487307589531536,-0.33104509422036776,1.147691968273073,1.110412701376177
7.967967967967968,-0.7174282847139375,-0.4312059155737418,1.2183188584533848,1.0711961651132325
7.977977977977978,-0.6607148525100607,-0.2873078754588666,1.1462789537940665,1.1928268869342715
7.987987987987988,-0.530599923641069,-0.37612762254196824,1.1333242140840747,1.4828819090584453
7.997997997997998,-0.7271778654650908,-0.36258018983062745,1.189283749398554,1.3882309387850214
8.008008008008009,-0.6081591642997192,-0.3465792144762273,1.1391459225153646,1.4155333651224122
8.018018018018019,-0.6390220888467806,-0.2754602901459012,1.1218997526120653,0.9933724728513793
8.028028028028029,-0.5046657182007949,-0.3428311779564194,1.1191499679484096,1.5736756386491142
8.038038038038039,-0.5627318484664666,-0.3554158096371711,1.0872644293890183,0.9191831564879016
8.048048048048049,-0.5246507673187322,-0.348516017662693,1.069546568051531,0.926440477788459
8.058058058058059,-0.37576839387305777,-0.3839729151513873,1.0056539192717278,0.970773442793045
8.068068068068069,-0.5497597650693268,-0.4227716465558138,1.0034633961361321,1.1929477648353652
8.078078078078079,-0.5072031247102925,-0.45995571526959445,0.9627001744039042,0.8484989767380287
8.088088088088089,-0.4271177639788917,-0.3946920687858563,0.8968762401633509,1.0456457769354832
8.098098098098099,-0.5880930859251965,-0.5171414383941577,0.9140518399321672,0.882138288878454
8.108108108108109,-0.4535485876767329,-0.8166401289568825,0.9013365022282308,1.5729511804893834
8.118118118118119,-0.6004647316248406,-0.6553567155129281,0.8729162246687479,0.9643867134861133
8.128128128128129,-0.6878868315068802,-0.5569237460202303,0.8746475835119886,0.9330597511849625
8.138138138138139,-0.7781284046313706,-0.6741477479394719,0.8016081212218227,0.8805710129601749
8.148148148148149,-0.8296170571142634,-0.9362325234118423,0.892235149783909,1.1660178562227155
8.158158158158159,-0.7331881104027552,-0.7302994250059972,0.7838373504962172,1.8026775970252955
8.168168168168169,-0.8129961107330284,-0.7881266793331967,0.8243835950158015,1.2242499359789183
8.178178178178179,-0.8346813519150347,-0.7590824082666568,0.7647361431469234,1.218966997567923
8.188188188188189,-0.9509002615351915,-0.9008515537540345,0.8213929147312105,1.1313486964927852
8.198198198198199,-0.9590847481196833,-0.7450006016784263,0.8189802509170784,0.6868179468016676
8.208208208208209,-0.8497353583276183,-0.7750466560064936,0.8696165347011952,1.1076273001985426
8.218218218218219,-1.0558502678490513,-0.8421256254906814,0.8047568272239803,1.188205057025854
8.228228228228229,-1.1621150815377232,-0.7555724430665003,0.8548952968708303,0.8907196262874608
8.238238238238239,-1.0089310101749354,-0.6875496956857615,0.8750630675642656,1.09761197919493
8.248248248248249,-1.0381901064208643,-0.7391881345134097,0.8725215310946984,1.4781312450703514
8.258258258258259,-0.9966700716036057,-0.8604646884147242,0.9667346890298288,1.3446375600035982
8.268268268268269,-1.1520654445370604,-0.7407552031062543,1.0237526513602235,1.3491130957908333
8.278278278278279,-1.3297718754645769,-0.67976457110216,1.001854827457945,0.8821086471438415
8.288288288288289,-1.061242432580429,-0.7787709617306804,0.9872894287469981,1.0216234823635795
8.298298298298299,-1.1286883205359266,-0.5944073120511143,1.0535320887819577,0.6023960176355668
8.308308308308309,-1.0691118976436154,-0.6498092025718725,1.095799643111824,1.3542814495724664
8.318318318318319,-1.1198093691825928,-0.5771841948908274,1.1699310327194106,0.9394694443008207
8.328328328328329,-0.9397849650941033,-0.48238650544413864,1.16665847567873,1.2775104970308107
8.338338338338339,-1.031999299490899,-0.41610283891684574,1.2340003116137026,1.282257530678232
8.348348348348349,-0.9652675780276366,-0.461200087369104,1.2018165597882884,1.242368856058823
8.358358358358359,-0.9318928198356394,-0.3393292152349669,1.2194070361684033,0.7805864670696732
8.368368368368369,-0.9124529656009788,-0.26191695180186414,1.2154751480761237,1.6647910115665245
8.378378378378379,-0.8225277258137554,-0.30872113241992033,1.177355048818212,0.8721228404871133
8.388388388388389,-0.8755837319881729,-0.3957656795542479,1.143174911278953,1.186642374174933
8.398398398398399,-0.9376386824062186,-0.13846146539111176,1.2180236659912453,0.9912290868974533
8.408408408408409,-0.7871971264696538,-0.00850135396528906,1.175252657526116,1.5679986297545176
8.418418418418419,-0.8243225210552565,-0.17131799376294443,1.1108409243395527,1.1018730064279314
8.428428428428429,-0.7918804550862427,-0.24885106650784844,1.1585698782172456,1.6102572451432486
8.438438438438439,-0.5764935469110798,-0.2437487410371234,1.1274835059996382,0.9288932316123375
8.448448448448449,-0.6024292323052617,-0.1886519931977483,1.0856751434955079,1.4335536780060478
8.458458458458459,-0.5956749967652086,-0.19742047093768025,1.07929131573092,0.8835921645414959
8.468468468468469,-0.601417101609254,-0.38511378563054144,1.0849464699668763,0.564670825114302
8.478478478478479,-0.5719193436023485,-0.10298776579001268,1.0370981418013903,1.0137969967986895
8.488488488488489,-0.52735979857961,-0.2951296604726154,0.9600522853316131,0.955723800620128
8.498498498498499,-0.5570022242634055,-0.3467897400230318,0.9742709872490606,1.3084091283031014
8.508508508508509,-0.566785959373733,-0.29976584835388376,0.8968363918137335,1.1954490225222125
8.518518518518519,-0.6244417308016492,-0.36160119507266386,0.9191021754085843,1.4252713838795241
8.528528528528529,-0.6989289489789463,-0.512187545473713,0.842202224522015,0.9163850573842075
8.538538538538539,-0.8475602672198195,-0.5928106670300172,0.8222612082598133,1.1120324239896249
8.548548548548549,-0.8597173835894221,-0.4966988549994118,0.8351098978779936,0.7824681826162767
8.558558558558559,-0.7602131502411288,-0.51431088444167,0.7799635038086427,1.1648169204957526
8.568568568568569,-0.7510608985371863,-0.6019666182473501,0.7833780171052028,1.1981958327456352
8.578578578578579,-0.9220552793737067,-0.65722251562914,0.7807954519112849,1.9589660311209758
8.588588588588589,-0.8462615766893841,-0.5304440260240498,0.7799451515672499,1.82476174150333
8.598598598598599,-1.0674845136558708,-0.7082780457574831,0.8159574305533952,1.1290387635375356
8.608608608608609,-0.991232046534416,-0.7880351533105108,0.7882182560042343,1.7474647497428695
8.618618618618619,-0.9616769739915646,-0.6249677411883627,0.8475201822043134,1.7229875110939705
8.62862862862863,-1.155462412271611,-0.6707002612453674,0.8410756572139708,1.2131287913585824
8.63863863863864,-1.1931544978732693,-0.7709799060406927,0.837674343504099,1.4354182613708062
8.64864864864865,-1.2311231168306154,-0.6242211348436756,0.8661841195927568,1.4008123153638776
8.65865865865866,-1.1227163782764673,-0.677969346638675,0.9031150374902489,1.1002228320930374
8.66866866866867,-1.1185930201988838,-0.6953144127885864,0.9856409814261832,1.3757860545989582
8.67867867867868,-1.2621797770859033,-0.5856418561945074,0.9183105187897447,1.7353215725896758
8.68868868868869,-1.2689573308314799,-0.49075400698433336,1.062849161807747,1.2235196743317238
8.6986986986987,-1.2137418375369917,-0.4545889155517089,1.0249968741820452,1.3663962508399286
8.70870870870871,-1.0798260682962917,-0.5932966759307108,1.0142575266584937,0.9958353875325334
8.71871871871872,-1.282276961747592,-0.5156079731823896,1.1253747654949555,0.7328137618851471
8.72872872872873,-1.2459708497319093,-0.47549746311112107,1.0796996503116163,1.0194015314148857
8.73873873873874,-1.1048508044595131,-0.40386013404855076,1.1542706150527036,1.4232606783297073
8.74874874874875,-1.190560437584086,-0.2859007467883328,1.113340962638592,1.0915044408291437
8.75875875875876,-1.1237548575598415,-0.36958585652136433,1.1553000065839445,0.6174895423694631
8.76876876876877,-1.0300574491368786,-0.32236756716784143,1.1504320269823556,1.4705659295385496
8.77877877877878,-1.1803015172440312,-0.18183131908973219,1.1796535217336233,1.2085233840187115
8.78878878878879,-1.126142342400553,-0.11812225294677751,1.169750086254188,1.5747368991723487
8.7987987987988,-0.8440589039946371,-0.09665918109491443,1.2568459927774673,1.2262700803318554
8.80880880880881,-0.8350991705716537,0.031726640760187205,1.191620964316447,0.46040331820627034
8.81881881881882,-0.8387039142031251,-0.06805769978004528,1.1889215566516316,1.6013243632733154
8.82882882882883,-0.6831824176305217,0.04153998199808684,1.225277941959592,0.741008656913233
8.83883883883884,-0.7123725148595103,-0.10085003498272083,1.2097185264943857,1.6554425846140837
8.84884884884885,-0.9301031928970889,0.09835205746503685,1.1262232488373258,0.8730882850470919
8.85885885885886,-0.5842274507818869,0.0028778932941032707,1.1026325393170104,0.8474074141626119
8.86886886886887,-0.6629625653815682,0.17670090450384607,1.1375353809419384,1.7935939041071807
8.87887887887888,-0.5076631692079654,0.06788903727344535,1.0836369983533252,1.46670487909281
8.88888888888889,-0.6245724189278024,0.03232727990590562,1.0491823842327623,1.3282918729692532
8.8988988988989,-0.7358615248244833,-0.10692062189315181,0.9814986203616076,1.4235870110276616
8.90890890890891,-0.6511721264452051,-0.11671253734677202,1.0035556547074473,1.071409520942589
8.91891891891892,-0.7903825779107898,-0.05014913291962491,0.9699947168561653,1.1499478879122593
8.92892892892893,-0.6574176414491962,-0.028021742664682353,0.9233218321330158,1.3872949306099096
8.93893893893894,-0.7015281731162937,-0.21391106421698303,0.9005515935288306,1.0339786487933695
8.94894894894895,-0.7297296542875346,-0.24701572991805157,0.8142453905540489,0.61824657519045
8.95895895895896,-0.7457330041323008,-0.323880734360988,0.8296807276342267,0.5068429436354693
8.96896896896897,-0.87088222922626,-0.28719834430246804,0.806774487966583,0.9140713318249925
8.97897897897898,-0.8683194683536072,-0.3886240101600577,0.7960495403385814,1.183447704556597
8.98898898898899,-0.9901132369603457,-0.44073789886074927,0.8187306721626634,1.0509077535046976
8.998998998999,-1.0405419375371878,-0.4155725751577599,0.8024935443634307,0.852774477623492
9.00900900900901,-0.88467307820545,-0.3835313258792188,0.8091544212937969,1.4284807148550356
9.01901901901902,-1.1342145664219891,-0.39906627072690387,0.7889384222930939,0.6133420282335195
9.02902902902903,-1.0933585278839624,-0.46000421037439443,0.8149528164463723,1.002066422595999
9.03903903903904,-1.1917004389653674,-0.43409188170646046,0.8289097086600611,1.3083547525577313
9.04904904904905,-1.2091815217688338,-0.4332605215959792,0.846590114876279,1.2119829740964805
9.05905905905906,-1.3659653135700476,-0.48694492105153464,0.886718321440009,1.4057813229715748
9.06906906906907,-1.360526225937987,-0.42047265187631777,0.9288092723679159,0.7682050906600384
9.07907907907908,-1.2755471520935355,-0.45431175356174625,0.8677454234503061,0.9878965133778421
9.08908908908909,-1.2724457261731625,-0.45161462251704493,0.9798629405401498,1.356879962899124
9.0990990990991,-1.2029817266612934,-0.351786841799537,0.9556785391228492,1.0506800396040235
9.10910910910911,-1.336770419306802,-0.2946760726784739,0.9830198679224202,1.8295809128219527
9.11911911911912,-1.2914973659204854,-0.24660415437110367,1.0137568265280683,0.6036944845817402
9.12912912912913,-1.389148958408362,-0.38990290171633946,1.0545612963035664,1.3071684974621935
9.13913913913914,-1.309910357714752,-0.06531677495518937,1.1337185760317738,1.1280765196993408
9.14914914914915,-1.2282009121549722,-0.2634296048597767,1.109782871322806,1.1579386305404435
9.15915915915916,-1.2492055730113563,-0.31241375182578074,1.1116194648674977,0.9743861855724644
9.16916916916917,-1.2389973339720801,-0.17126837106489484,1.1434923420272378,1.1060701401808504
9.17917917917918,-1.2238252191647088,-0.07756274319575213,1.15314197883694,1.8342867616734493
9.18918918918919,-1.1380897038917417,0.01342010718394138,1.2034973897778596,0.906513394230871
9.1991991991992,-1.0861387518228907,-0.06371875287558505,1.1614568094484463,1.3905765232238918
9.20920920920921,-0.9323916287522791,0.13370232368995616,1.1945825523637315,1.7399428369136356
9.21921921921922,-0.9894862940086573,0.09206170971921067,1.217261789048084,1.2622223211396706
9.22922922922923,-0.9598716428448762,0.1156977710022837,1.2207459084561998,1.154075437474089
9.23923923923924,-1.006611341708532,0.11383297898159506,1.1531875716129578,0.7046943160962811
9.24924924924925,-0.8704054585264851,0.12455346788052725,1.1564238090213292,1.292368549290525
9.25925925925926,-0.9392643828250492,0.21330451546468054,1.2286808499379547,0.810260872199303
9.26926926926927,-0.6286034099855972,0.25540491747165495,1.195446407651189,1.7233828600231558
9.27927927927928,-0.7425968618908797,0.09353260500087995,1.1016627922369104,1.2109456107299867
9.28928928928929,-0.8357856649823706,0.10208972319785509,1.098202651540487,1.2991601322614372
9.2992992992993,-0.8549852111221872,0.29524243414802853,1.0221912755113762,0.7283594035871321
9.30930930930931,-0.6398391527328672,0.27679280457642097,1.0182386993983954,0.8677008966856334
9.31931931931932,-0.5912495142172899,0.14240044199168728,0.9800857385568873,1.4944465213294575
9.32932932932933,-0.7224003963791776,0.10713785545946573,0.9365806881980661,0.7992424682031591
9.33933933933934,-0.9396552522457591,0.06096938731701422,0.9213521765274417,1.007341674879515
9.34934934934935,-0.6751117968387124,-0.09928745769890827,0.932017359191475,1.7218103487193237
9.35935935935936,-0.7263662679355467,0.028628494638414367,0.8903702278901717,1.037288126573658
9.36936936936937,-0.7856496075040976,0.06842303170704131,0.8827196278682677,0.7723167966915141
9.37937937937938,-0.8489966134699058,-0.14093110663715702,0.8229895021334707,1.2839783019898097
9.38938938938939,-0.8937366555843872,0.032280954710083076,0.8015110424383348,0.5088112242354762
9.3993993993994,-0.8111964916322645,-0.026279556887407865,0.8621098394740685,0.5693459311712242
9.40940940940941,-0.9866759910510468,-0.10852016530059093,0.7432622511335351,1.5350315209767607
9.41941941941942,-0.9254270002673083,-0.2955688774159007,0.8011743879871446,1.46768045953102
9.42942942942943,-0.9825351814175427,-0.34219820014750657,0.8248165753868489,1.5476310495318866
9.43943943943944,-1.1410028286743885,-0.3409870067785592,0.8685685019703728,0.7584030472250146
9.44944944944945,-1.0026047063042702,-0.3746708579188721,0.7924486053561388,1.3513687215399794
9.45945945945946,-1.0677048764902404,-0.19801456581140323,0.8464911760411685,0.9194762625668138
9.46946946946947,-1.1765794395502815,-0.254900594322843,0.8604634539680404,0.9468953192473331
9.47947947947948,-1.2986857857674825,-0.23725181795484404,0.8482304408810603,0.8378906870354207
9.48948948948949,-1.182130239973407,-0.16335920797915515,0.8937765662952218,0.8570991583166545
9.4994994994995,-1.2965699787957023,-0.15777001880754604,0.9208307786349386,1.1360604142211894
9.50950950950951,-1.2514291952239387,-0.3145733391098567,0.9543191733179429,1.4432671907690642
9.51951951951952,-1.2778396916208201,-0.23225686103971938,0.9629309065206595,1.2972452146564497
9.52952952952953,-1.3037007783795784,-0.179972548202523,0.9782381777770046,1.3995941730598485
9.53953953953954,-1.3057316536041486,0.08715237924980018,1.033749413804787,0.9404842452627563
9.54954954954955,-1.1165627120955242,-0.0729713490412482,1.0462669654038568,1.544283579155128
9.55955955955956,-1.2804614739245888,0.08003861366609842,1.0742294962504608,1.211168991010966
9.56956956956957,-1.3143295922009783,-0.052720604048315745,1.0796029283437045,1.23824422439587
9.57957957957958,-1.1934088824245994,0.19390784941463524,1.1763606312470427,1.4696569055280766
9.58958958958959,-1.034488464671655,0.23454540763510373,1.1294596922883566,1.206408964744113
9.5995995995996,-1.2280097681469373,0.2674886347676213,1.1539586546564982,1.4986398685352402
9.60960960960961,-1.0674289918403772,0.0953166851057085,1.1730066799622938,1.860275927478301
9.61961961961962,-1.0868376797779087,0.22092675683321117,1.1350627643063873,1.1186584320483863
9.62962962962963,-1.0549238469903746,0.3930660439568511,1.1859071553877065,1.4176093046732627
9.63963963963964,-0.9252300305050527,0.34657084983904474,1.2227675552898443,1.2036975691880136
9.64964964964965,-0.9106781452430861,0.37622433077033807,1.2141582642355144,1.4701904140553141
9.65965965965966,-0.8902826323413814,0.42435222298448816,1.2362575684476451,2.085028306437194
9.66966966966967,-0.9402569821118059,0.488420465310268,1.1549375710998,1.2284308339394783
9.67967967967968,-0.8052435704889034,0.4176411115291944,1.1532963168712727,1.218854135959015
9.68968968968969,-1.0044871627199423,0.5303180622163307,1.035808294818682,1.6972416591691755
9.6996996996997,-0.8745206232405314,0.5554181016555483,1.1133941540663184,1.1719193290743668
9.70970970970971,-0.6660373050588236,0.33237529773625746,1.086664480919214,0.9353028755767087
9.71971971971972,-0.7273567728161779,0.2741393280134756,1.1051073256168955,1.4115046477414164
9.72972972972973,-0.7347973901897192,0.45905259098005885,1.0064131428924439,1.3202443242566633
9.73973973973974,-0.7238905312653943,0.32968300485378077,1.0327714770493965,0.8360643308096738
9.74974974974975,-0.7842034044402196,0.32991764486182207,0.9887309167356135,0.8514405687196667
9.75975975975976,-0.7566171013897092,0.3694097716712679,0.9311111732009663,1.4591769305075055
9.76976976976977,-0.8202471728524814,0.2906531556839102,0.9421849024032115,1.2034910589335956
9.77977977977978,-0.809381526376471,0.2425138291592268,0.8754843874404213,0.7599021193990851
9.78978978978979,-0.6184581956087093,0.16560294757303753,0.7988978641809525,1.2716143736085246
9.7997997997998,-0.9894894434970244,0.13388150575288316,0.7937111599572494,0.9627970435337346
9.80980980980981,-0.8910465008632003,0.04251110344992562,0.8431637926285874,0.8979258127932936
9.81981981981982,-0.8398409586101561,0.06208634862728597,0.7942533303016761,1.0184396614762063
9.82982982982983,-0.9956961118233401,0.052977576468008755,0.8215922428524723,1.1954108443089193
9.83983983983984,-0.7969655000598429,-0.04386735511553849,0.7761043903784695,1.1453296653911813
9.84984984984985,-0.833427099379328,-0.07733042312659412,0.8037374466744045,0.7639046029641405
9.85985985985986,-1.0799368722785396,-0.08814950757482494,0.7443571747157122,1.1904704317483228
9.86986986986987,-0.9671380755896586,-0.06906182975178171,0.7888188435860807,1.5889452996042022
9.87987987987988,-1.100821038038468,-0.15030618301581083,0.832905296625636,1.0338550805053184
9.88988988988989,-1.263356571478893,-0.043527809061403876,0.8482315894270476,0.8436089729196148
9.8998998998999,-1.2839323714035134,-0.06418941546671807,0.8711072689390855,1.2582509986449664
9.90990990990991,-1.12790096037428,-0.11400095071724306,0.9067799367469533,1.694146490244238
9.91991991991992,-1.2342087286304293,-0.022046189430247214,0.9726910973172932,1.0191517091525506
9.92992992992993,-1.3491904590561605,-0.040533376718517714,0.965167440853186,1.6013668846536107
9.93993993993994,-1.231115109421857,-0.14955045510749299,1.0182490393576948,0.5553804261722438
9.94994994994995,-1.1802622298640277,0.15273255688880424,0.9848153003679825,1.1910101745068167
9.95995995995996,-1.2588080262504022,0.13842558799325796,1.020880253471655,0.8597303868816399
9.96996996996997,-1.3162131350352295,0.10661868354603261,1.0685649904086167,1.3771701988914493
9.97997997997998,-1.1396191921203869,0.18304213274191375,1.0360198667924672,0.7542860939112501
9.98998998998999,-1.162331493734275,0.15871376277187982,1.1258389466321468,1.2849915747541234
10.0,-1.1821511515278342,0.2609641085493857,1.1242668895320105,1.3331279271832093
